Workbook

Sheet BM01(NHAP HANG SILO)
A1: CÔNG TY CỔ PHẦN CHĂN NUÔI C.P VIỆT NAM
A2: Chi Nhánh Tại Bình Dương
A3: Phòng Sản Xuất
E4: BÁO CÁO NHẬP HÀNG VÀO SILO
A7: Ca:…………………… | M7: Ngày : ……..... /………...../……….……..
A8: STT | B8: Xe số | C8: Tên hàng | D8: Loại hàng | E8: Độ ẩm | F8: Từ line | G8: Đến bồn | H8: Khối lượng nhập (tấn) | I8: Thời gian chạy máy | K8: Tổng thời gian chạy | L8: Thời gian ngưng máy | N8: Tổng thời gian ngưng | O8: Lý do ngưng máy | P8: Khắc phục sửa chữa
I11: Bắt đầu | J11: Kết thúc | L11: Bắt đầu | M11: Kết thúc
A12: 1
A13: 2
A14: 3
A15: 4
A16: 5
A17: 6
A18: 7
A19: 8
A20: 9
A21: 10
A22: 11
A23: 12
... A33: 22
F34: T.Cộng (tấn) : | I34: Tổng cộng Total | L34: Tổng cộng Total
A35: BM01/QT-SX-01 Lần ban hành: 02 Ngày ban hành: 10/11/2011 | F35: Tấn / giờ :
G37: Người báo cáo : ……………………...…………. | M37: Người thẩm tra:……………………………………..

Sheet 1
A1: CÔNG TY CỔ PHẦN CHĂN NUÔI CP VIỆT NAM
A2: NHÀ MÁY : BÌNH DƯƠNG
A3: BỘ PHẬN / PHÒNG: KHO NGUYÊN LIỆU
A4: BÁO CÁO VẬN HÀNH VÀ KIỂM SOÁT QUÁ TRÌNH HẤP NGUYÊN LIỆU
Y5: Ngày:.……01…../….06….../……2026.…….
A6: Ca | B6: Nguyên liệu | C6: Từ bồn | D6: Đến bồn | E6: Sản lượng (tấn) | F6: Thời gian chạy | I6: Thời gian ngưng | M6: Lý do ngưng | Q6: KẾT QUẢ KIỂM TRA CHẤT LƯỢNG | Z6: Ampe máy hấp | AA6: % Feeder | AB6: Nhiệt độ hơi (°C) | AC6: Nhiệt độ máy | AG6: Điện sử dụng máy hấp | AJ6: Hơi nóng sử dụng | AM6: Điện sử dụng LINE | AP6: Điện sử dụng máy nghiền
F7: Bắt đầu | G7: Kết thúc | H7: Tổng cộng | I7: Bắt đầu | J7: Kết thúc | K7: Tổng cộng | M7: 1 | O7: 2 | Q7: Mẫu trước hấp | S7: Mẫu sau hấp | AC7: Conditioner | AD7: Extruder | AE7: Môi trường | AG7: Số đầu | AH7: Số cuối | AI7: KWh | AJ7: Số đầu | AK7: Số cuối | AL7: Kg hơi | AM7: Số đầu | AN7: Số cuối | AO7: KWh | AP7: Số đầu | AQ7: Số cuối | AR7: KWh
S8: Thời gian lấy mẫu | T8: Đậu nành | V8: Bắp
K9: 1 | L9: 2 | M9: Mã số | N9: Số lần | O9: Mã số | P9: Số lần | T9: Chỉ số PS | U9: Chỉ số Trypsin | V9: Chỉ số Hydro | W9: %M | X9: Nhiệt độ Cooler | Y9: Người kiểm tra
A10: 1 | H10: =HOUR(G10-F10)+MINUTE(G10-F10)/60 -> 0 | I10: 0.25 | J10: 0.5 | K10: =HOUR(J10-I10)+MINUTE(J10-I10)/60 -> 6 | M10: 153 | N10: 1 | Q10: Đặc điểm về cảm quang: | AI10: =IFERROR((AH10-AG10),"") -> 0 | AL10: =IFERROR((AK10-AJ10),"") -> 0 | AO10: =IFERROR((AN10-AM10),"") -> 0 | AR10: =IFERROR((AQ10-AP10),"") -> 0
A11: 1 | B11: FFS | C11: 4 | D11: 39 | E11: 10 | F11: 0.5 | G11: 0.58333333 | H11: =HOUR(G11-F11)+MINUTE(G11-F11)/60 -> 2 | K11: =HOUR(J11-I11)+MINUTE(J11-I11)/60 -> 0 | Q11: 1.Trong chuẩn | R11: v | S11: 0.54166667 | T11: 80.14 | U11: 9.13 | W11: 10.8 | X11: 33 | Y11: quyết | Z11: 112 | AA11: 65 | AB11: 100 | AC11: 101 | AD11: 133 | AE11: 33 | AG11: 635274 | AH11: 635394 | AI11: =IFERROR((AH11-AG11),"") -> 120 | AJ11: 18961 | AK11: 19859 | AL11: =IFERROR((AK11-AJ11),"") -> 898 | AM11: 956895 | AN11: 956962 | AO11: =IFERROR((AN11-AM11),"") -> 67 | AP11: 362979 | AQ11: 363111 | AR11: =IFERROR((AQ11-AP11),"") -> 132
H12: =HOUR(G12-F12)+MINUTE(G12-F12)/60 -> 0 | K12: =HOUR(J12-I12)+MINUTE(J12-I12)/60 -> 0 | Q12: 2.Ngoài chuẩn | S12: 0.58333333 | T12: 79.58 | U12: 9.71 | W12: 10.8 | X12: 33 | Y12: quyết | Z12: 113 | AA12: 65 | AB12: 100 | AC12: 102 | AD12: 133 | AE12: 33 | AI12: =IFERROR((AH12-AG12),"") -> 0 | AL12: =IFERROR((AK12-AJ12),"") -> 0 | AO12: =IFERROR((AN12-AM12),"") -> 0 | AR12: =IFERROR((AQ12-AP12),"") -> 0
H13: =HOUR(G13-F13)+MINUTE(G13-F13)/60 -> 0 | K13: =HOUR(J13-I13)+MINUTE(J13-I13)/60 -> 0 | Q13: 3.Loại Lưới : | R13: 2,5mm | AI13: =IFERROR((AH13-AG13),"") -> 0 | AL13: =IFERROR((AK13-AJ13),"") -> 0 | AO13: =IFERROR((AN13-AM13),"") -> 0 | AR13: =IFERROR((AQ13-AP13),"") -> 0
A14: 2 | B14: FFS | C14: 4 | D14: 39 | E14: 14 | F14: 0.58333333 | G14: 0.69791667 | H14: =HOUR(G14-F14)+MINUTE(G14-F14)/60 -> 2.75 | I14: 0.69791667 | J14: 0.91666667 | K14: =HOUR(J14-I14)+MINUTE(J14-I14)/60 -> 5.25 | M14: 153 | N14: 1 | Q14: 1.Trong chuẩn | R14: v | S14: 0.625 | T14: 78.54 | U14: 9.79 | W14: 10.9 | X14: 33 | Y14: quyết | Z14: 113 | AA14: 65 | AB14: 100 | AC14: 101 | AD14: 133 | AE14: 33 | AG14: 635394 | AH14: 635587 | AI14: =IFERROR((AH14-AG14),"") -> 193 | AJ14: 19859 | AK14: 21446 | AL14: =IFERROR((AK14-AJ14),"") -> 1587 | AM14: 956962 | AN14: 957047 | AO14: =IFERROR((AN14-AM14),"") -> 85 | AP14: 363111 | AQ14: 363338 | AR14: =IFERROR((AQ14-AP14),"") -> 227
H15: =HOUR(G15-F15)+MINUTE(G15-F15)/60 -> 0 | K15: =HOUR(J15-I15)+MINUTE(J15-I15)/60 -> 0 | Q15: 2.Ngoài chuẩn | S15: 0.66666667 | T15: 78.32 | U15: 9.37 | W15: 10.9 | X15: 33 | Y15: quyết | Z15: 109 | AA15: 65 | AB15: 100 | AC15: 101 | AD15: 133 | AE15: 33 | AI15: =IFERROR((AH15-AG15),"") -> 0 | AL15: =IFERROR((AK15-AJ15),"") -> 0 | AO15: =IFERROR((AN15-AM15),"") -> 0 | AR15: =IFERROR((AQ15-AP15),"") -> 0
H16: =HOUR(G16-F16)+MINUTE(G16-F16)/60 -> 0 | K16: =HOUR(J16-I16)+MINUTE(J16-I16)/60 -> 0 | Q16: 3.Loại Lưới : | R16: 2,5mm | AI16: =IFERROR((AH16-AG16),"") -> 0 | AL16: =IFERROR((AK16-AJ16),"") -> 0 | AO16: =IFERROR((AN16-AM16),"") -> 0 | AR16: =IFERROR((AQ16-AP16),"") -> 0
H17: =HOUR(G17-F17)+MINUTE(G17-F17)/60 -> 0 | K17: =HOUR(J17-I17)+MINUTE(J17-I17)/60 -> 0 | Q17: Đặc điểm về cảm quang: | AI17: =IFERROR((AH17-AG17),"") -> 0 | AL17: =IFERROR((AK17-AJ17),"") -> 0 | AO17: =IFERROR((AN17-AM17),"") -> 0 | AR17: =IFERROR((AQ17-AP17),"") -> 0
A18: 3 | B18: CORN | C18: 1 | D18: 30 | E18: 66 | F18: 0.91666667 | G18: 1.25 | H18: =HOUR(G18-F18)+MINUTE(G18-F18)/60 -> 8 | I18: 1.25 | J18: 1.25 | K18: =HOUR(J18-I18)+MINUTE(J18-I18)/60 -> 0 | Q18: 1.Trong chuẩn | R18: v | S18: 0.95833333 | V18: 40.21 | W18: 12.5 | X18: 33 | Y18: thanh | Z18: 121 | AA18: 70 | AB18: 100 | AC18: 101 | AD18: 120 | AE18: 32 | AG18: 39103 | AH18: 39728 | AI18: =IFERROR((AH18-AG18),"") -> 625 | AJ18: 9192302 | AK18: 9195440 | AL18: =IFERROR((AK18-AJ18),"") -> 3138 | AM18: 957047 | AN18: 957279 | AO18: =IFERROR((AN18-AM18),"") -> 232 | AP18: 363338 | AQ18: 363868 | AR18: =IFERROR((AQ18-AP18),"") -> 530
H19: =HOUR(G19-F19)+MINUTE(G19-F19)/60 -> 0 | K19: =HOUR(J19-I19)+MINUTE(J19-I19)/60 -> 0 | Q19: 2.Ngoài chuẩn | S19: 1 | V19: 40.12 | W19: 12.5 | X19: 33 | Y19: thanh | Z19: 115 | AA19: 70 | AB19: 100 | AC19: 101 | AD19: 118 | AE19: 32 | AI19: =IFERROR((AH19-AG19),"") -> 0 | AL19: =IFERROR((AK19-AJ19),"") -> 0 | AO19: =IFERROR((AN19-AM19),"") -> 0 | AR19: =IFERROR((AQ19-AP19),"") -> 0
H20: =HOUR(G20-F20)+MINUTE(G20-F20)/60 -> 0 | K20: =HOUR(J20-I20)+MINUTE(J20-I20)/60 -> 0 | Q20: 3.Loại Lưới : | R20: 3,0mm | S20: 1.0416667 | V20: 40.02 | W20: 12.5 | X20: 33 | Y20: thanh | Z20: 109 | AA20: 70 | AB20: 100 | AC20: 101 | AD20: 119 | AE20: 31 | AI20: =IFERROR((AH20-AG20),"") -> 0 | AL20: =IFERROR((AK20-AJ20),"") -> 0 | AO20: =IFERROR((AN20-AM20),"") -> 0 | AR20: =IFERROR((AQ20-AP20),"") -> 0
H21: =HOUR(G21-F21)+MINUTE(G21-F21)/60 -> 0 | K21: =HOUR(J21-I21)+MINUTE(J21-I21)/60 -> 0 | S21: 1.0833333 | V21: 40.015 | W21: 12.5 | X21: 34 | Y21: thanh | Z21: 112 | AA21: 70 | AB21: 100 | AC21: 102 | AD21: 118 | AE21: 30 | AI21: =IFERROR((AH21-AG21),"") -> 0 | AL21: =IFERROR((AK21-AJ21),"") -> 0 | AO21: =IFERROR((AN21-AM21),"") -> 0 | AR21: =IFERROR((AQ21-AP21),"") -> 0
H22: =HOUR(G22-F22)+MINUTE(G22-F22)/60 -> 0 | K22: =HOUR(J22-I22)+MINUTE(J22-I22)/60 -> 0 | S22: 1.125 | V22: 41.25 | W22: 12.5 | X22: 34 | Y22: thanh | Z22: 117 | AA22: 70 | AB22: 100 | AC22: 101 | AD22: 118 | AE22: 30 | AI22: =IFERROR((AH22-AG22),"") -> 0 | AL22: =IFERROR((AK22-AJ22),"") -> 0 | AO22: =IFERROR((AN22-AM22),"") -> 0 | AR22: =IFERROR((AQ22-AP22),"") -> 0
H23: =HOUR(G23-F23)+MINUTE(G23-F23)/60 -> 0 | K23: =HOUR(J23-I23)+MINUTE(J23-I23)/60 -> 0 | S23: 1.1666667 | V23: 40.31 | W23: 12.5 | X23: 33 | Y23: thanh | Z23: 116 | AA23: 70 | AB23: 100 | AC23: 100 | AD23: 118 | AE23: 30 | AI23: =IFERROR((AH23-AG23),"") -> 0 | AL23: =IFERROR((AK23-AJ23),"") -> 0 | AO23: =IFERROR((AN23-AM23),"") -> 0 | AR23: =IFERROR((AQ23-AP23),"") -> 0
H24: =HOUR(G24-F24)+MINUTE(G24-F24)/60 -> 0 | K24: =HOUR(J24-I24)+MINUTE(J24-I24)/60 -> 0 | S24: 1.2083333 | V24: 40.01 | W24: 12.5 | X24: 34 | Y24: thanh | Z24: 121 | AA24: 70 | AB24: 100 | AC24: 101 | AD24: 119 | AE24: 30 | AI24: =IFERROR((AH24-AG24),"") -> 0 | AL24: =IFERROR((AK24-AJ24),"") -> 0 | AO24: =IFERROR((AN24-AM24),"") -> 0 | AR24: =IFERROR((AQ24-AP24),"") -> 0
H25: =HOUR(G25-F25)+MINUTE(G25-F25)/60 -> 0 | K25: =HOUR(J25-I25)+MINUTE(J25-I25)/60 -> 0 | S25: 1.25 | V25: 40.41 | W25: 12.5 | X25: 33 | Y25: thanh | Z25: 123 | AA25: 70 | AB25: 100 | AC25: 101 | AD25: 120 | AE25: 30 | AI25: =IFERROR((AH25-AG25),"") -> 0 | AL25: =IFERROR((AK25-AJ25),"") -> 0 | AO25: =IFERROR((AN25-AM25),"") -> 0 | AR25: =IFERROR((AQ25-AP25),"") -> 0
H26: =HOUR(G26-F26)+MINUTE(G26-F26)/60 -> 0 | K26: =HOUR(J26-I26)+MINUTE(J26-I26)/60 -> 0 | AI26: =IFERROR((AH26-AG26),"") -> 0 | AL26: =IFERROR((AK26-AJ26),"") -> 0 | AO26: =IFERROR((AN26-AM26),"") -> 0 | AR26: =IFERROR((AQ26-AP26),"") -> 0
H27: =HOUR(G27-F27)+MINUTE(G27-F27)/60 -> 0 | K27: =HOUR(J27-I27)+MINUTE(J27-I27)/60 -> 0 | AI27: =IFERROR((AH27-AG27),"") -> 0 | AL27: =IFERROR((AK27-AJ27),"") -> 0 | AO27: =IFERROR((AN27-AM27),"") -> 0 | AR27: =IFERROR((AQ27-AP27),"") -> 0
H28: =HOUR(G28-F28)+MINUTE(G28-F28)/60 -> 0 | K28: =HOUR(J28-I28)+MINUTE(J28-I28)/60 -> 0 | AI28: =IFERROR((AH28-AG28),"") -> 0 | AL28: =IFERROR((AK28-AJ28),"") -> 0 | AO28: =IFERROR((AN28-AM28),"") -> 0 | AR28: =IFERROR((AQ28-AP28),"") -> 0
H29: =HOUR(G29-F29)+MINUTE(G29-F29)/60 -> 0 | K29: =HOUR(J29-I29)+MINUTE(J29-I29)/60 -> 0 | AI29: =IFERROR((AH29-AG29),"") -> 0 | AL29: =IFERROR((AK29-AJ29),"") -> 0 | AO29: =IFERROR((AN29-AM29),"") -> 0 | AR29: =IFERROR((AQ29-AP29),"") -> 0
H30: =HOUR(G30-F30)+MINUTE(G30-F30)/60 -> 0 | K30: =HOUR(J30-I30)+MINUTE(J30-I30)/60 -> 0 | AI30: =IFERROR((AH30-AG30),"") -> 0 | AL30: =IFERROR((AK30-AJ30),"") -> 0 | AO30: =IFERROR((AN30-AM30),"") -> 0 | AR30: =IFERROR((AQ30-AP30),"") -> 0
H31: =HOUR(G31-F31)+MINUTE(G31-F31)/60 -> 0 | K31: =HOUR(J31-I31)+MINUTE(J31-I31)/60 -> 0 | AI31: =IFERROR((AH31-AG31),"") -> 0 | AL31: =IFERROR((AK31-AJ31),"") -> 0 | AO31: =IFERROR((AN31-AM31),"") -> 0 | AR31: =IFERROR((AQ31-AP31),"") -> 0
H32: =HOUR(G32-F32)+MINUTE(G32-F32)/60 -> 0 | K32: =HOUR(J32-I32)+MINUTE(J32-I32)/60 -> 0 | AI32: =IFERROR((AH32-AG32),"") -> 0 | AL32: =IFERROR((AK32-AJ32),"") -> 0 | AO32: =IFERROR((AN32-AM32),"") -> 0 | AR32: =IFERROR((AQ32-AP32),"") -> 0
H33: =HOUR(G33-F33)+MINUTE(G33-F33)/60 -> 0 | K33: =HOUR(J33-I33)+MINUTE(J33-I33)/60 -> 0 | AI33: =IFERROR((AH33-AG33),"") -> 0 | AL33: =IFERROR((AK33-AJ33),"") -> 0 | AO33: =IFERROR((AN33-AM33),"") -> 0 | AR33: =IFERROR((AQ33-AP33),"") -> 0
H34: =HOUR(G34-F34)+MINUTE(G34-F34)/60 -> 0 | K34: =HOUR(J34-I34)+MINUTE(J34-I34)/60 -> 0 | AI34: =IFERROR((AH34-AG34),"") -> 0 | AL34: =IFERROR((AK34-AJ34),"") -> 0 | AO34: =IFERROR((AN34-AM34),"") -> 0 | AR34: =IFERROR((AQ34-AP34),"") -> 0
H35: =HOUR(G35-F35)+MINUTE(G35-F35)/60 -> 0 | K35: =HOUR(J35-I35)+MINUTE(J35-I35)/60 -> 0 | AI35: =IFERROR((AH35-AG35),"") -> 0 | AL35: =IFERROR((AK35-AJ35),"") -> 0 | AO35: =IFERROR((AN35-AM35),"") -> 0 | AR35: =IFERROR((AQ35-AP35),"") -> 0
H36: =HOUR(G36-F36)+MINUTE(G36-F36)/60 -> 0 | K36: =HOUR(J36-I36)+MINUTE(J36-I36)/60 -> 0 | AI36: =IFERROR((AH36-AG36),"") -> 0 | AL36: =IFERROR((AK36-AJ36),"") -> 0 | AO36: =IFERROR((AN36-AM36),"") -> 0 | AR36: =IFERROR((AQ36-AP36),"") -> 0
H37: =HOUR(G37-F37)+MINUTE(G37-F37)/60 -> 0 | K37: =HOUR(J37-I37)+MINUTE(J37-I37)/60 -> 0 | AI37: =IFERROR((AH37-AG37),"") -> 0 | AL37: =IFERROR((AK37-AJ37),"") -> 0 | AO37: =IFERROR((AN37-AM37),"") -> 0 | AR37: =IFERROR((AQ37-AP37),"") -> 0
... H44: =HOUR(G44-F44)+MINUTE(G44-F44)/60 -> 0 | K44: =HOUR(J44-I44)+MINUTE(J44-I44)/60 -> 0 | AI44: =IFERROR((AH44-AG44),"") -> 0 | AL44: =IFERROR((AK44-AJ44),"") -> 0 | AO44: =IFERROR((AN44-AM44),"") -> 0 | AR44: =IFERROR((AQ44-AP44),"") -> 0
A46: QT-NL-01/BM15…………
A47: Lần ban hành: …06…………
A48: Ngày hiệu lực: …01/10/2025… | I48: Người Báo Cáo :……………………………… | S48: Người Thẩm Tra :…………………………………….
B51: Tổng cộng (tấn) | E51: =SUM(E10:E44) -> 90 | F51: Tổng cộng (giờ) | H51: =SUM(H10:H44) -> 12.75 | I51: Tổng cộng (giờ) | K51: =SUM(K10:L44) -> 11.25 | S51: (Ghi chú: Chất lượng cảm quan chọn: Đ/KĐ) | Z51: Sản phẩm chạy lại (tấn) | AD51: 2 | AG51: Tổng cộng (KW) | AI51: =SUM(AI10:AI44) -> 938 | AJ51: Tổng cộng (Kg) | AL51: =SUM(AL10:AL44) -> 5623 | AM51: Tổng cộng (KW) | AO51: =SUM(AO10:AO44) -> 384 | AP51: Tổng cộng (KW) | AR51: =SUM(AR10:AR44) -> 889
H53: Tồn trước | K53: Tồn sau | T53: Tấn/ngày | U53: Tấn/giờ | X53: KWh ngày | Z53: KWh/tấn | AC53: Kg hơi/ngày | AH53: Kg hơi/tấn | AL53: Nhân viên vận hành | AP53: Người thẩm tra
G54: CORN | K54: =H54+T54 -> 66 | T54: =SUMIF($B$10:$B$44,G54,$E$10:$E$44) -> 66 | U54: =IFERROR(T54/SUMIF($B$10:$B$44,G54,$H$10:$H$44),"") -> 8.25 | X54: =SUMIF($B$10:$B$44,G54,$AI$10:$AI$44)+SUMIF($B$10:$B$44,G54,$AO$10:$AO$44)+SUMIF($B$10:$B$44,G54,$AR$10:$AR$44) -> 1387 | Z54: =IFERROR(X54/T54,"") -> 21.015152 | AC54: =SUMIF($B$10:$B$44,G54,$AL$10:$AL$44) -> 3138 | AH54: =IFERROR(AC54/T54,"") -> 47.545455 | AL54: Ca 1 | AM54: quyết | AP54: lê văn lộc
G55: FFS | K55: =H55+T55 -> 24 | T55: =SUMIF($B$10:$B$44,G55,$E$10:$E$44) -> 24 | U55: =IFERROR(T55/SUMIF($B$10:$B$44,G55,$H$10:$H$44),"") -> 5.0526316 | X55: =SUMIF($B$10:$B$44,G55,$AI$10:$AI$44)+SUMIF($B$10:$B$44,G55,$AO$10:$AO$44)+SUMIF($B$10:$B$44,G55,$AR$10:$AR$44) -> 824 | Z55: =IFERROR(X55/T55,"") -> 34.333333 | AC55: =SUMIF($B$10:$B$44,G55,$AL$10:$AL$44) -> 2485 | AH55: =IFERROR(AC55/T55,"") -> 103.54167 | AL55: Ca 2 | AM55: quyết | AP55: Thẩm tra | AQ55: Ngày thẩm tra
G56: TỔNG | H56: =IFERROR(SUM(H54:J55),"") -> 0 | K56: =IFERROR(SUM(K54:S55),"") -> 90 | T56: =IFERROR(SUM(T54:T55),"") -> 90 | U56: =IFERROR(AVERAGE(U54:W55),"") -> 6.6513158 | X56: =IFERROR(SUM(X54:Y55),"") -> 2211 | Z56: =IFERROR(AVERAGE(Z54:AB55),"") -> 27.674242 | AC56: =IFERROR(SUM(AC54:AG55),"") -> 5623 | AH56: =IFERROR(AVERAGE(AH54:AI55),"") -> 75.543561 | AL56: Ca 3 | AM56: thanh

Sheet 2
A1: CÔNG TY CỔ PHẦN CHĂN NUÔI C.P VIỆT NAM
A2: Chi Nhánh Tại Bình Dương
A3: Phòng Kho Nguyên Liệu
A4: BÁO CÁO VẬN HÀNH VÀ KIỂM SOÁT QUÁ TRÌNH HẤP NGUYÊN LIỆU
Z5: Ngày:.…..02.…../…06..../…2026….…….
A6: Ca | B6: Nguyên liệu | C6: Từ bồn | D6: Đến bồn | E6: Sản lượng (tấn) | F6: Thời gian chạy | I6: Thời gian ngưng | M6: Lý do ngưng | Q6: KẾT QUẢ KIỂM TRA CHẤT LƯỢNG | Z6: Ampe máy hấp | AA6: % Feeder | AB6: Nhiệt độ hơi (°C) | AC6: Nhiệt độ máy | AG6: Điện sử dụng máy hấp | AJ6: Hơi nóng sử dụng | AM6: Điện sử dụng LINE | AP6: Điện sử dụng máy nghiền
F7: Bắt đầu | G7: Kết thúc | H7: Tổng cộng | I7: Bắt đầu | J7: Kết thúc | K7: Tổng cộng | M7: 1 | O7: 2 | Q7: Mẫu trước hấp | S7: Mẫu sau hấp | AC7: Conditioner | AD7: Extruder | AE7: Môi trường | AG7: Số đầu | AH7: Số cuối | AI7: KWh | AJ7: Số đầu | AK7: Số cuối | AL7: Kg hơi | AM7: Số đầu | AN7: Số cuối | AO7: KWh | AP7: Số đầu | AQ7: Số cuối | AR7: KWh
K8: 1 | L8: 2 | M8: Mã số | N8: Số lần | O8: Mã số | P8: Số lần | S8: Thời gian lấy mẫu | T8: Đậu nành | V8: Bắp | W8: %M | X8: Nhiệt độ Cooler | Y8: Người kiểm tra
T9: Chỉ số PS | U9: Chỉ số Trypsin | V9: Chỉ số Hydro
A10: 1 | B10: CORN | C10: 1 | D10: 30 | E10: 25 | F10: 0.25 | G10: 0.375 | H10: =HOUR(G10-F10)+MINUTE(G10-F10)/60 -> 3 | I10: 0.375 | J10: 0.47916667 | K10: =HOUR(J10-I10)+MINUTE(J10-I10)/60 -> 2.5 | M10: 153 | N10: 1 | Q10: Đặc điểm về cảm quang: | S10: 0.29166667 | V10: 40.21 | W10: 12.5 | X10: 33 | Y10: quyết | Z10: 121 | AA10: 72 | AB10: 100 | AC10: 101 | AD10: 120 | AE10: 32 | AG10: 39728 | AH10: 39991 | AI10: =IFERROR((AH10-AG10),"") -> 263 | AJ10: 9195440 | AK10: 9197728 | AL10: =IFERROR((AK10-AJ10),"") -> 2288 | AM10: 957279 | AN10: 957366 | AO10: =IFERROR((AN10-AM10),"") -> 87 | AP10: 363868 | AQ10: 364081 | AR10: =IFERROR((AQ10-AP10),"") -> 213
H11: =HOUR(G11-F11)+MINUTE(G11-F11)/60 -> 0 | K11: =HOUR(J11-I11)+MINUTE(J11-I11)/60 -> 0 | Q11: 1.Trong chuẩn | R11: v | S11: 0.33333333 | V11: 40.52 | W11: 12.5 | X11: 33 | Y11: quyết | Z11: 115 | AA11: 72 | AB11: 100 | AC11: 101 | AD11: 118 | AE11: 32 | AI11: =IFERROR((AH11-AG11),"") -> 0 | AL11: =IFERROR((AK11-AJ11),"") -> 0 | AO11: =IFERROR((AN11-AM11),"") -> 0 | AR11: =IFERROR((AQ11-AP11),"") -> 0
H12: =HOUR(G12-F12)+MINUTE(G12-F12)/60 -> 0 | K12: =HOUR(J12-I12)+MINUTE(J12-I12)/60 -> 0 | Q12: 2.Ngoài chuẩn | AI12: =IFERROR((AH12-AG12),"") -> 0 | AL12: =IFERROR((AK12-AJ12),"") -> 0 | AO12: =IFERROR((AN12-AM12),"") -> 0 | AR12: =IFERROR((AQ12-AP12),"") -> 0
H13: =HOUR(G13-F13)+MINUTE(G13-F13)/60 -> 0 | K13: =HOUR(J13-I13)+MINUTE(J13-I13)/60 -> 0 | Q13: 3.Loại Lưới : | R13: 3,0 mm | AI13: =IFERROR((AH13-AG13),"") -> 0 | AL13: =IFERROR((AK13-AJ13),"") -> 0 | AO13: =IFERROR((AN13-AM13),"") -> 0 | AR13: =IFERROR((AQ13-AP13),"") -> 0
A14: 1 | B14: FFS | C14: 4 | D14: 39 | E14: 12 | F14: 0.47916667 | G14: 0.58333333 | H14: =HOUR(G14-F14)+MINUTE(G14-F14)/60 -> 2.5 | K14: =HOUR(J14-I14)+MINUTE(J14-I14)/60 -> 0 | Q14: 1.Trong chuẩn | R14: v | S14: 0.5 | T14: 79.55 | U14: 9.74 | W14: 10.9 | X14: 33 | Y14: quyết | Z14: 113 | AA14: 65 | AB14: 100 | AC14: 101 | AD14: 133 | AE14: 33 | AG14: 635587 | AH14: 635734 | AI14: =IFERROR((AH14-AG14),"") -> 147 | AJ14: 21446 | AK14: 22444 | AL14: =IFERROR((AK14-AJ14),"") -> 998 | AM14: 957366 | AN14: 957442 | AO14: =IFERROR((AN14-AM14),"") -> 76 | AP14: 364081 | AQ14: 364215 | AR14: =IFERROR((AQ14-AP14),"") -> 134
H15: =HOUR(G15-F15)+MINUTE(G15-F15)/60 -> 0 | K15: =HOUR(J15-I15)+MINUTE(J15-I15)/60 -> 0 | Q15: 2.Ngoài chuẩn | S15: 0.54166667 | T15: 80.14 | U15: 9.77 | W15: 10.9 | X15: 33 | Y15: quyết | Z15: 109 | AA15: 65 | AB15: 100 | AC15: 101 | AD15: 133 | AE15: 33 | AI15: =IFERROR((AH15-AG15),"") -> 0 | AL15: =IFERROR((AK15-AJ15),"") -> 0 | AO15: =IFERROR((AN15-AM15),"") -> 0 | AR15: =IFERROR((AQ15-AP15),"") -> 0
H16: =HOUR(G16-F16)+MINUTE(G16-F16)/60 -> 0 | K16: =HOUR(J16-I16)+MINUTE(J16-I16)/60 -> 0 | Q16: 3.Loại Lưới : | R16: 2,5mm | AI16: =IFERROR((AH16-AG16),"") -> 0 | AL16: =IFERROR((AK16-AJ16),"") -> 0 | AO16: =IFERROR((AN16-AM16),"") -> 0 | AR16: =IFERROR((AQ16-AP16),"") -> 0
A17: 2 | B17: FFS | C17: 4 | D17: 39 | E17: 13 | F17: 0.58333333 | G17: 0.6875 | H17: =HOUR(G17-F17)+MINUTE(G17-F17)/60 -> 2.5 | I17: 0.6875 | J17: 0.91666667 | K17: =HOUR(J17-I17)+MINUTE(J17-I17)/60 -> 5.5 | M17: 153 | N17: 1 | Q17: 1.Trong chuẩn | R17: v | S17: 0.625 | T17: 79.58 | U17: 9.74 | W17: 10.9 | X17: 33 | Y17: quyết | Z17: 113 | AA17: 65 | AB17: 100 | AC17: 101 | AD17: 133 | AE17: 33 | AG17: 635734 | AH17: 635886 | AI17: =IFERROR((AH17-AG17),"") -> 152 | AJ17: 22444 | AK17: 23620 | AL17: =IFERROR((AK17-AJ17),"") -> 1176 | AM17: 957442 | AN17: 957511 | AO17: =IFERROR((AN17-AM17),"") -> 69 | AP17: 364215 | AQ17: 364387 | AR17: =IFERROR((AQ17-AP17),"") -> 172
H18: =HOUR(G18-F18)+MINUTE(G18-F18)/60 -> 0 | K18: =HOUR(J18-I18)+MINUTE(J18-I18)/60 -> 0 | Q18: 2.Ngoài chuẩn | S18: 0.66666667 | T18: 80.14 | U18: 10.11 | W18: 10.9 | X18: 33 | Y18: quyết | Z18: 109 | AA18: 65 | AB18: 100 | AC18: 101 | AD18: 133 | AE18: 33 | AI18: =IFERROR((AH18-AG18),"") -> 0 | AL18: =IFERROR((AK18-AJ18),"") -> 0 | AO18: =IFERROR((AN18-AM18),"") -> 0 | AR18: =IFERROR((AQ18-AP18),"") -> 0
H19: =HOUR(G19-F19)+MINUTE(G19-F19)/60 -> 0 | K19: =HOUR(J19-I19)+MINUTE(J19-I19)/60 -> 0 | Q19: 3.Loại Lưới : | R19: 2,5mm | AI19: =IFERROR((AH19-AG19),"") -> 0 | AL19: =IFERROR((AK19-AJ19),"") -> 0 | AO19: =IFERROR((AN19-AM19),"") -> 0 | AR19: =IFERROR((AQ19-AP19),"") -> 0
H20: =HOUR(G20-F20)+MINUTE(G20-F20)/60 -> 0 | K20: =HOUR(J20-I20)+MINUTE(J20-I20)/60 -> 0 | Q20: Đặc điểm về cảm quang: | AI20: =IFERROR((AH20-AG20),"") -> 0 | AL20: =IFERROR((AK20-AJ20),"") -> 0 | AO20: =IFERROR((AN20-AM20),"") -> 0 | AR20: =IFERROR((AQ20-AP20),"") -> 0
A21: 3 | B21: CORN | C21: 1 | D21: 30 | H21: =HOUR(G21-F21)+MINUTE(G21-F21)/60 -> 0 | I21: 0.91666667 | J21: 1.0416667 | K21: =HOUR(J21-I21)+MINUTE(J21-I21)/60 -> 3 | M21: 502 | N21: 1 | Q21: 1.Trong chuẩn | R21: v | AI21: =IFERROR((AH21-AG21),"") -> 0 | AL21: =IFERROR((AK21-AJ21),"") -> 0 | AO21: =IFERROR((AN21-AM21),"") -> 0 | AR21: =IFERROR((AQ21-AP21),"") -> 0
A22: 3 | B22: FFS | C22: 4 | D22: 39 | E22: 25 | F22: 1.0416667 | G22: 1.25 | H22: =HOUR(G22-F22)+MINUTE(G22-F22)/60 -> 5 | I22: 1.25 | J22: 1.25 | K22: =HOUR(J22-I22)+MINUTE(J22-I22)/60 -> 0 | Q22: 2.Ngoài chuẩn | S22: 1.0833333 | T22: 78.36 | U22: 9.52 | X22: 33 | Y22: thanh | Z22: 118 | AA22: 65 | AB22: 100 | AC22: 101 | AD22: 133 | AE22: 32 | AG22: 635886 | AH22: 636255 | AI22: =IFERROR((AH22-AG22),"") -> 369 | AJ22: 23625 | AK22: 25891 | AL22: =IFERROR((AK22-AJ22),"") -> 2266 | AM22: 957511 | AN22: 957668 | AO22: =IFERROR((AN22-AM22),"") -> 157 | AP22: 364387 | AQ22: 364806 | AR22: =IFERROR((AQ22-AP22),"") -> 419
H23: =HOUR(G23-F23)+MINUTE(G23-F23)/60 -> 0 | K23: =HOUR(J23-I23)+MINUTE(J23-I23)/60 -> 0 | Q23: 3.Loại Lưới : | R23: 2,0 mm | S23: 1.125 | T23: 79.58 | U23: 9.34 | X23: 33 | Y23: thanh | Z23: 120 | AA23: 60 | AB23: 100 | AC23: 102 | AD23: 134 | AE23: 32 | AI23: =IFERROR((AH23-AG23),"") -> 0 | AL23: =IFERROR((AK23-AJ23),"") -> 0 | AO23: =IFERROR((AN23-AM23),"") -> 0 | AR23: =IFERROR((AQ23-AP23),"") -> 0
H24: =HOUR(G24-F24)+MINUTE(G24-F24)/60 -> 0 | K24: =HOUR(J24-I24)+MINUTE(J24-I24)/60 -> 0 | S24: 1.1666667 | T24: 79.26 | U24: 9.78 | X24: 32 | Y24: thanh | Z24: 121 | AA24: 55 | AB24: 100 | AC24: 102 | AD24: 133 | AE24: 32 | AI24: =IFERROR((AH24-AG24),"") -> 0 | AL24: =IFERROR((AK24-AJ24),"") -> 0 | AO24: =IFERROR((AN24-AM24),"") -> 0 | AR24: =IFERROR((AQ24-AP24),"") -> 0
H25: =HOUR(G25-F25)+MINUTE(G25-F25)/60 -> 0 | K25: =HOUR(J25-I25)+MINUTE(J25-I25)/60 -> 0 | S25: 1.2083333 | T25: 80.12 | U25: 9.63 | X25: 33 | Y25: thanh | Z25: 123 | AA25: 55 | AB25: 100 | AC25: 102 | AD25: 133 | AE25: 31 | AI25: =IFERROR((AH25-AG25),"") -> 0 | AL25: =IFERROR((AK25-AJ25),"") -> 0 | AO25: =IFERROR((AN25-AM25),"") -> 0 | AR25: =IFERROR((AQ25-AP25),"") -> 0
H26: =HOUR(G26-F26)+MINUTE(G26-F26)/60 -> 0 | K26: =HOUR(J26-I26)+MINUTE(J26-I26)/60 -> 0 | S26: 1.25 | T26: 80.24 | U26: 9.56 | X26: 33 | Y26: thanh | Z26: 122 | AA26: 55 | AB26: 100 | AC26: 101 | AD26: 133 | AE26: 31 | AI26: =IFERROR((AH26-AG26),"") -> 0 | AL26: =IFERROR((AK26-AJ26),"") -> 0 | AO26: =IFERROR((AN26-AM26),"") -> 0 | AR26: =IFERROR((AQ26-AP26),"") -> 0
H27: =HOUR(G27-F27)+MINUTE(G27-F27)/60 -> 0 | K27: =HOUR(J27-I27)+MINUTE(J27-I27)/60 -> 0 | AI27: =IFERROR((AH27-AG27),"") -> 0 | AL27: =IFERROR((AK27-AJ27),"") -> 0 | AO27: =IFERROR((AN27-AM27),"") -> 0 | AR27: =IFERROR((AQ27-AP27),"") -> 0
H28: =HOUR(G28-F28)+MINUTE(G28-F28)/60 -> 0 | K28: =HOUR(J28-I28)+MINUTE(J28-I28)/60 -> 0 | AI28: =IFERROR((AH28-AG28),"") -> 0 | AL28: =IFERROR((AK28-AJ28),"") -> 0 | AO28: =IFERROR((AN28-AM28),"") -> 0 | AR28: =IFERROR((AQ28-AP28),"") -> 0
H29: =HOUR(G29-F29)+MINUTE(G29-F29)/60 -> 0 | K29: =HOUR(J29-I29)+MINUTE(J29-I29)/60 -> 0 | AI29: =IFERROR((AH29-AG29),"") -> 0 | AL29: =IFERROR((AK29-AJ29),"") -> 0 | AO29: =IFERROR((AN29-AM29),"") -> 0 | AR29: =IFERROR((AQ29-AP29),"") -> 0
H30: =HOUR(G30-F30)+MINUTE(G30-F30)/60 -> 0 | K30: =HOUR(J30-I30)+MINUTE(J30-I30)/60 -> 0 | AI30: =IFERROR((AH30-AG30),"") -> 0 | AL30: =IFERROR((AK30-AJ30),"") -> 0 | AO30: =IFERROR((AN30-AM30),"") -> 0 | AR30: =IFERROR((AQ30-AP30),"") -> 0
H31: =HOUR(G31-F31)+MINUTE(G31-F31)/60 -> 0 | K31: =HOUR(J31-I31)+MINUTE(J31-I31)/60 -> 0 | AI31: =IFERROR((AH31-AG31),"") -> 0 | AL31: =IFERROR((AK31-AJ31),"") -> 0 | AO31: =IFERROR((AN31-AM31),"") -> 0 | AR31: =IFERROR((AQ31-AP31),"") -> 0
H32: =HOUR(G32-F32)+MINUTE(G32-F32)/60 -> 0 | K32: =HOUR(J32-I32)+MINUTE(J32-I32)/60 -> 0 | AI32: =IFERROR((AH32-AG32),"") -> 0 | AL32: =IFERROR((AK32-AJ32),"") -> 0 | AO32: =IFERROR((AN32-AM32),"") -> 0 | AR32: =IFERROR((AQ32-AP32),"") -> 0
H33: =HOUR(G33-F33)+MINUTE(G33-F33)/60 -> 0 | K33: =HOUR(J33-I33)+MINUTE(J33-I33)/60 -> 0 | AI33: =IFERROR((AH33-AG33),"") -> 0 | AL33: =IFERROR((AK33-AJ33),"") -> 0 | AO33: =IFERROR((AN33-AM33),"") -> 0 | AR33: =IFERROR((AQ33-AP33),"") -> 0
H34: =HOUR(G34-F34)+MINUTE(G34-F34)/60 -> 0 | K34: =HOUR(J34-I34)+MINUTE(J34-I34)/60 -> 0 | AI34: =IFERROR((AH34-AG34),"") -> 0 | AL34: =IFERROR((AK34-AJ34),"") -> 0 | AO34: =IFERROR((AN34-AM34),"") -> 0 | AR34: =IFERROR((AQ34-AP34),"") -> 0
H35: =HOUR(G35-F35)+MINUTE(G35-F35)/60 -> 0 | K35: =HOUR(J35-I35)+MINUTE(J35-I35)/60 -> 0 | AI35: =IFERROR((AH35-AG35),"") -> 0 | AL35: =IFERROR((AK35-AJ35),"") -> 0 | AO35: =IFERROR((AN35-AM35),"") -> 0 | AR35: =IFERROR((AQ35-AP35),"") -> 0
H36: =HOUR(G36-F36)+MINUTE(G36-F36)/60 -> 0 | K36: =HOUR(J36-I36)+MINUTE(J36-I36)/60 -> 0 | AI36: =IFERROR((AH36-AG36),"") -> 0 | AL36: =IFERROR((AK36-AJ36),"") -> 0 | AO36: =IFERROR((AN36-AM36),"") -> 0 | AR36: =IFERROR((AQ36-AP36),"") -> 0
H37: =HOUR(G37-F37)+MINUTE(G37-F37)/60 -> 0 | K37: =HOUR(J37-I37)+MINUTE(J37-I37)/60 -> 0 | AI37: =IFERROR((AH37-AG37),"") -> 0 | AL37: =IFERROR((AK37-AJ37),"") -> 0 | AO37: =IFERROR((AN37-AM37),"") -> 0 | AR37: =IFERROR((AQ37-AP37),"") -> 0
H38: =HOUR(G38-F38)+MINUTE(G38-F38)/60 -> 0 | K38: =HOUR(J38-I38)+MINUTE(J38-I38)/60 -> 0 | AI38: =IFERROR((AH38-AG38),"") -> 0 | AL38: =IFERROR((AK38-AJ38),"") -> 0 | AO38: =IFERROR((AN38-AM38),"") -> 0 | AR38: =IFERROR((AQ38-AP38),"") -> 0
... H44: =HOUR(G44-F44)+MINUTE(G44-F44)/60 -> 0 | K44: =HOUR(J44-I44)+MINUTE(J44-I44)/60 -> 0 | AI44: =IFERROR((AH44-AG44),"") -> 0 | AL44: =IFERROR((AK44-AJ44),"") -> 0 | AO44: =IFERROR((AN44-AM44),"") -> 0 | AR44: =IFERROR((AQ44-AP44),"") -> 0
A46: QT-NL-01/BM15…………
A47: Lần ban hành: …06…………
A48: Ngày hiệu lực: …01/10/2025… | I48: Người Báo Cáo :……………………………… | S48: Người Thẩm Tra :…………………………………….
B51: Tổng cộng (tấn) | E51: =SUM(E10:E44) -> 75 | F51: Tổng cộng (giờ) | H51: =SUM(H10:H44) -> 13 | I51: Tổng cộng (giờ) | K51: =SUM(K10:L44) -> 11 | Q51: (Ghi chú: Chất lượng cảm quan chọn: Đ/KĐ) | Y51: Sản phẩm chạy lại (tấn) | AC51: 2 | AG51: Tổng cộng (KW) | AI51: =SUM(AI10:AI44) -> 931 | AJ51: Tổng cộng (Kg) | AL51: =SUM(AL10:AL44) -> 6728 | AM51: Tổng cộng (KW) | AO51: =SUM(AO10:AO44) -> 389 | AP51: Tổng cộng (KW) | AR51: =SUM(AR10:AR44) -> 938
H53: Tồn trước | K53: Tồn sau | R53: Tấn/ngày | T53: Tấn/giờ | W53: KWh ngày | Y53: KWh/tấn | AB53: Kg hơi/ngày | AH53: Kg hơi/tấn | AL53: Nhân viên vận hành | AP53: Người thẩm tra
G54: CORN | H54: =SUM('1'!K54:S54) -> 66 | K54: =H54+R54 -> 91 | R54: =SUMIF($B$10:$B$44,G54,$E$10:$E$44) -> 25 | T54: =IFERROR(R54/SUMIF($B$10:$B$44,G54,$H$10:$H$44),"") -> 8.3333333 | W54: =SUMIF($B$10:$B$44,G54,$AI$10:$AI$44)+SUMIF($B$10:$B$44,G54,$AO$10:$AO$44)+SUMIF($B$10:$B$44,G54,$AR$10:$AR$44) -> 563 | Y54: =IFERROR(W54/R54,"") -> 22.52 | AB54: =SUMIF($B$10:$B$44,G54,$AL$10:$AL$44) -> 2288 | AH54: =IFERROR(AB54/R54,"") -> 91.52 | AL54: Ca 1 | AM54: quyết | AP54: lê văn lộc
G55: FFS | H55: =SUM('1'!K55:S55) -> 24 | K55: =H55+R55 -> 74 | R55: =SUMIF($B$10:$B$44,G55,$E$10:$E$44) -> 50 | T55: =IFERROR(R55/SUMIF($B$10:$B$44,G55,$H$10:$H$44),"") -> 5 | W55: =SUMIF($B$10:$B$44,G55,$AI$10:$AI$44)+SUMIF($B$10:$B$44,G55,$AO$10:$AO$44)+SUMIF($B$10:$B$44,G55,$AR$10:$AR$44) -> 1695 | Y55: =IFERROR(W55/R55,"") -> 33.9 | AB55: =SUMIF($B$10:$B$44,G55,$AL$10:$AL$44) -> 4440 | AH55: =IFERROR(AB55/R55,"") -> 88.8 | AL55: Ca 2 | AM55: quyết | AP55: Thẩm tra | AQ55: Ngày thẩm tra
G56: TỔNG | H56: =IFERROR(SUM(H54:J55),"") -> 90 | K56: =IFERROR(SUM(K54:Q55),"") -> 165 | R56: =IFERROR(SUM(R54:S55),"") -> 75 | T56: =IFERROR(AVERAGE(T54:U55),"") -> 6.6666667 | W56: =IFERROR(SUM(W54:X55),"") -> 2258 | Y56: =IFERROR(AVERAGE(Y54:AA55),"") -> 28.21 | AB56: =IFERROR(SUM(AB54:AG55),"") -> 6728 | AH56: =IFERROR(AVERAGE(AH54:AI55),"") -> 90.16 | AL56: Ca 3 | AM56: thanh

Sheet 3
A1: CÔNG TY CỔ PHẦN CHĂN NUÔI C.P VIỆT NAM
A2: Chi Nhánh Tại Bình Dương
A3: Phòng Kho Nguyên Liệu
A4: BÁO CÁO VẬN HÀNH VÀ KIỂM SOÁT QUÁ TRÌNH HẤP NGUYÊN LIỆU
Z5: Ngày:.…03…../.…06…/...2026.…….
A6: Ca | B6: Nguyên liệu | C6: Từ bồn | D6: Đến bồn | E6: Sản lượng (tấn) | F6: Thời gian chạy | I6: Thời gian ngưng | M6: Lý do ngưng | Q6: KẾT QUẢ KIỂM TRA CHẤT LƯỢNG | Z6: Ampe máy hấp | AA6: % Feeder | AB6: Nhiệt độ hơi (°C) | AC6: Nhiệt độ máy | AG6: Điện sử dụng máy hấp | AJ6: Hơi nóng sử dụng | AM6: Điện sử dụng LINE | AP6: Điện sử dụng máy nghiền
F7: Bắt đầu | G7: Kết thúc | H7: Tổng cộng | I7: Bắt đầu | J7: Kết thúc | K7: Tổng cộng | M7: 1 | O7: 2 | Q7: Mẫu trước hấp | S7: Mẫu sau hấp | AC7: Conditioner | AD7: Extruder | AE7: Môi trường | AG7: Số đầu | AH7: Số cuối | AI7: KWh | AJ7: Số đầu | AK7: Số cuối | AL7: Kg hơi | AM7: Số đầu | AN7: Số cuối | AO7: KWh | AP7: Số đầu | AQ7: Số cuối | AR7: KWh
K8: 1 | L8: 2 | M8: Mã số | N8: Số lần | O8: Mã số | P8: Số lần | S8: Thời gian lấy mẫu | T8: Đậu nành | V8: Bắp | W8: %M | X8: Nhiệt độ Cooler | Y8: Người kiểm tra
T9: Chỉ số PS | U9: Chỉ số Trypsin | V9: Chỉ số Hydro
A10: 1 | B10: FFS | C10: 4 | D10: 39 | E10: 24 | F10: 0.25 | G10: 0.4375 | H10: =HOUR(G10-F10)+MINUTE(G10-F10)/60 -> 4.5 | I10: 0.4375 | J10: 0.58333333 | K10: =HOUR(J10-I10)+MINUTE(J10-I10)/60 -> 3.5 | M10: 153 | N10: 1 | Q10: Đặc điểm về cảm quang: | S10: 0.29166667 | T10: 78.36 | U10: 9.52 | X10: 33 | Y10: quyết | Z10: 118 | AA10: 60 | AB10: 100 | AC10: 101 | AD10: 133 | AE10: 32 | AG10: 636255 | AH10: 636511 | AI10: =IFERROR((AH10-AG10),"") -> 256 | AJ10: 25891 | AK10: 28088 | AL10: =IFERROR((AK10-AJ10),"") -> 2197 | AM10: 957668 | AN10: 957785 | AO10: =IFERROR((AN10-AM10),"") -> 117 | AP10: 364806 | AQ10: 365169 | AR10: =IFERROR((AQ10-AP10),"") -> 363
H11: =HOUR(G11-F11)+MINUTE(G11-F11)/60 -> 0 | K11: =HOUR(J11-I11)+MINUTE(J11-I11)/60 -> 0 | Q11: 1.Trong chuẩn | R11: v | S11: 0.33333333 | T11: 79.58 | U11: 9.34 | X11: 33 | Y11: quyết | Z11: 120 | AA11: 60 | AB11: 100 | AC11: 102 | AD11: 134 | AE11: 32 | AI11: =IFERROR((AH11-AG11),"") -> 0 | AL11: =IFERROR((AK11-AJ11),"") -> 0 | AO11: =IFERROR((AN11-AM11),"") -> 0 | AR11: =IFERROR((AQ11-AP11),"") -> 0
H12: =HOUR(G12-F12)+MINUTE(G12-F12)/60 -> 0 | K12: =HOUR(J12-I12)+MINUTE(J12-I12)/60 -> 0 | Q12: 2.Ngoài chuẩn | AI12: =IFERROR((AH12-AG12),"") -> 0 | AL12: =IFERROR((AK12-AJ12),"") -> 0 | AO12: =IFERROR((AN12-AM12),"") -> 0 | AR12: =IFERROR((AQ12-AP12),"") -> 0
H13: =HOUR(G13-F13)+MINUTE(G13-F13)/60 -> 0 | K13: =HOUR(J13-I13)+MINUTE(J13-I13)/60 -> 0 | Q13: 3.Loại Lưới : | R13: 2,5mm | AI13: =IFERROR((AH13-AG13),"") -> 0 | AL13: =IFERROR((AK13-AJ13),"") -> 0 | AO13: =IFERROR((AN13-AM13),"") -> 0 | AR13: =IFERROR((AQ13-AP13),"") -> 0
A14: 2 | H14: =HOUR(G14-F14)+MINUTE(G14-F14)/60 -> 0 | I14: 0.58333333 | J14: 0.60416667 | K14: =HOUR(J14-I14)+MINUTE(J14-I14)/60 -> 0.5 | M14: 153 | N14: 1 | AI14: =IFERROR((AH14-AG14),"") -> 0 | AL14: =IFERROR((AK14-AJ14),"") -> 0 | AO14: =IFERROR((AN14-AM14),"") -> 0 | AR14: =IFERROR((AQ14-AP14),"") -> 0
A15: 2 | B15: FFS | C15: 4 | D15: 39 | E15: 11 | F15: 0.60416667 | G15: 0.6875 | H15: =HOUR(G15-F15)+MINUTE(G15-F15)/60 -> 2 | I15: 0.6875 | J15: 0.91666667 | K15: =HOUR(J15-I15)+MINUTE(J15-I15)/60 -> 5.5 | M15: 153 | N15: 1 | S15: 0.625 | T15: 79.44 | U15: 9.78 | W15: 10.9 | X15: 33 | Y15: quyết | Z15: 113 | AA15: 65 | AB15: 100 | AC15: 101 | AD15: 133 | AE15: 33 | AG15: 636511 | AH15: 636644 | AI15: =IFERROR((AH15-AG15),"") -> 133 | AJ15: 28088 | AK15: 28852 | AL15: =IFERROR((AK15-AJ15),"") -> 764 | AM15: 957785 | AN15: 957846 | AO15: =IFERROR((AN15-AM15),"") -> 61 | AP15: 365169 | AQ15: 365321 | AR15: =IFERROR((AQ15-AP15),"") -> 152
H16: =HOUR(G16-F16)+MINUTE(G16-F16)/60 -> 0 | K16: =HOUR(J16-I16)+MINUTE(J16-I16)/60 -> 0 | S16: 0.66666667 | T16: 79.55 | U16: 9.58 | W16: 10.9 | X16: 33 | Y16: quyết | Z16: 109 | AA16: 65 | AB16: 100 | AC16: 101 | AD16: 133 | AE16: 33 | AI16: =IFERROR((AH16-AG16),"") -> 0 | AL16: =IFERROR((AK16-AJ16),"") -> 0 | AO16: =IFERROR((AN16-AM16),"") -> 0 | AR16: =IFERROR((AQ16-AP16),"") -> 0
H17: =HOUR(G17-F17)+MINUTE(G17-F17)/60 -> 0 | K17: =HOUR(J17-I17)+MINUTE(J17-I17)/60 -> 0 | Q17: Đặc điểm về cảm quang: | AI17: =IFERROR((AH17-AG17),"") -> 0 | AL17: =IFERROR((AK17-AJ17),"") -> 0 | AO17: =IFERROR((AN17-AM17),"") -> 0 | AR17: =IFERROR((AQ17-AP17),"") -> 0
A18: 3 | B18: CORN | C18: 1 | D18: 30 | E18: 66 | F18: 0.91666667 | G18: 1.25 | H18: =HOUR(G18-F18)+MINUTE(G18-F18)/60 -> 8 | I18: 1.25 | J18: 1.25 | K18: =HOUR(J18-I18)+MINUTE(J18-I18)/60 -> 0 | Q18: 1.Trong chuẩn | R18: v | S18: 0.95833333 | V18: 40.12 | W18: 12.5 | X18: 33 | Y18: thanh | Z18: 130 | AA18: 60 | AB18: 100 | AC18: 101 | AD18: 118 | AE18: 31 | AG18: 39991 | AH18: 40689 | AI18: =IFERROR((AH18-AG18),"") -> 698 | AJ18: 9203633 | AK18: 9203648 | AL18: =IFERROR((AK18-AJ18),"") -> 15 | AM18: 957846 | AN18: 958070 | AO18: =IFERROR((AN18-AM18),"") -> 224 | AP18: 365321 | AQ18: 365790 | AR18: =IFERROR((AQ18-AP18),"") -> 469
H19: =HOUR(G19-F19)+MINUTE(G19-F19)/60 -> 0 | K19: =HOUR(J19-I19)+MINUTE(J19-I19)/60 -> 0 | Q19: 2.Ngoài chuẩn | S19: 1 | V19: 40.21 | W19: 12.5 | X19: 34 | Y19: thanh | Z19: 133 | AA19: 57 | AB19: 100 | AC19: 102 | AD19: 118 | AE19: 30 | AI19: =IFERROR((AH19-AG19),"") -> 0 | AL19: =IFERROR((AK19-AJ19),"") -> 0 | AO19: =IFERROR((AN19-AM19),"") -> 0 | AR19: =IFERROR((AQ19-AP19),"") -> 0
H20: =HOUR(G20-F20)+MINUTE(G20-F20)/60 -> 0 | K20: =HOUR(J20-I20)+MINUTE(J20-I20)/60 -> 0 | Q20: 3.Loại Lưới : | R20: 3,0mm | S20: 1.0416667 | V20: 40.03 | W20: 12.5 | X20: 34 | Y20: thanh | Z20: 132 | AA20: 60 | AB20: 100 | AC20: 101 | AD20: 119 | AE20: 30 | AI20: =IFERROR((AH20-AG20),"") -> 0 | AL20: =IFERROR((AK20-AJ20),"") -> 0 | AO20: =IFERROR((AN20-AM20),"") -> 0 | AR20: =IFERROR((AQ20-AP20),"") -> 0
H21: =HOUR(G21-F21)+MINUTE(G21-F21)/60 -> 0 | K21: =HOUR(J21-I21)+MINUTE(J21-I21)/60 -> 0 | S21: 1.0833333 | V21: 40.26 | W21: 12.5 | X21: 33 | Y21: thanh | Z21: 134 | AA21: 60 | AB21: 100 | AC21: 101 | AD21: 120 | AE21: 30 | AI21: =IFERROR((AH21-AG21),"") -> 0 | AL21: =IFERROR((AK21-AJ21),"") -> 0 | AO21: =IFERROR((AN21-AM21),"") -> 0 | AR21: =IFERROR((AQ21-AP21),"") -> 0
H22: =HOUR(G22-F22)+MINUTE(G22-F22)/60 -> 0 | K22: =HOUR(J22-I22)+MINUTE(J22-I22)/60 -> 0 | S22: 1.125 | V22: 41.03 | W22: 12.5 | X22: 33 | Y22: thanh | Z22: 135 | AA22: 60 | AB22: 100 | AC22: 101 | AD22: 120 | AE22: 30 | AI22: =IFERROR((AH22-AG22),"") -> 0 | AL22: =IFERROR((AK22-AJ22),"") -> 0 | AO22: =IFERROR((AN22-AM22),"") -> 0 | AR22: =IFERROR((AQ22-AP22),"") -> 0
H23: =HOUR(G23-F23)+MINUTE(G23-F23)/60 -> 0 | K23: =HOUR(J23-I23)+MINUTE(J23-I23)/60 -> 0 | S23: 1.1666667 | V23: 40.12 | W23: 12.5 | X23: 33 | Y23: thanh | Z23: 130 | AA23: 60 | AB23: 100 | AC23: 101 | AD23: 118 | AE23: 30 | AI23: =IFERROR((AH23-AG23),"") -> 0 | AL23: =IFERROR((AK23-AJ23),"") -> 0 | AO23: =IFERROR((AN23-AM23),"") -> 0 | AR23: =IFERROR((AQ23-AP23),"") -> 0
H24: =HOUR(G24-F24)+MINUTE(G24-F24)/60 -> 0 | K24: =HOUR(J24-I24)+MINUTE(J24-I24)/60 -> 0 | S24: 1.2083333 | V24: 40.08 | W24: 12.5 | X24: 33 | Y24: thanh | Z24: 129 | AA24: 60 | AB24: 100 | AC24: 101 | AD24: 119 | AE24: 30 | AI24: =IFERROR((AH24-AG24),"") -> 0 | AL24: =IFERROR((AK24-AJ24),"") -> 0 | AO24: =IFERROR((AN24-AM24),"") -> 0 | AR24: =IFERROR((AQ24-AP24),"") -> 0
H25: =HOUR(G25-F25)+MINUTE(G25-F25)/60 -> 0 | K25: =HOUR(J25-I25)+MINUTE(J25-I25)/60 -> 0 | S25: 1.25 | V25: 40.11 | W25: 12.5 | X25: 33 | Y25: thanh | Z25: 131 | AA25: 60 | AB25: 100 | AC25: 101 | AD25: 119 | AE25: 30 | AI25: =IFERROR((AH25-AG25),"") -> 0 | AL25: =IFERROR((AK25-AJ25),"") -> 0 | AO25: =IFERROR((AN25-AM25),"") -> 0 | AR25: =IFERROR((AQ25-AP25),"") -> 0
H26: =HOUR(G26-F26)+MINUTE(G26-F26)/60 -> 0 | K26: =HOUR(J26-I26)+MINUTE(J26-I26)/60 -> 0 | AI26: =IFERROR((AH26-AG26),"") -> 0 | AL26: =IFERROR((AK26-AJ26),"") -> 0 | AO26: =IFERROR((AN26-AM26),"") -> 0 | AR26: =IFERROR((AQ26-AP26),"") -> 0
H27: =HOUR(G27-F27)+MINUTE(G27-F27)/60 -> 0 | K27: =HOUR(J27-I27)+MINUTE(J27-I27)/60 -> 0 | AI27: =IFERROR((AH27-AG27),"") -> 0 | AL27: =IFERROR((AK27-AJ27),"") -> 0 | AO27: =IFERROR((AN27-AM27),"") -> 0 | AR27: =IFERROR((AQ27-AP27),"") -> 0
H28: =HOUR(G28-F28)+MINUTE(G28-F28)/60 -> 0 | K28: =HOUR(J28-I28)+MINUTE(J28-I28)/60 -> 0 | AI28: =IFERROR((AH28-AG28),"") -> 0 | AL28: =IFERROR((AK28-AJ28),"") -> 0 | AO28: =IFERROR((AN28-AM28),"") -> 0 | AR28: =IFERROR((AQ28-AP28),"") -> 0
H29: =HOUR(G29-F29)+MINUTE(G29-F29)/60 -> 0 | K29: =HOUR(J29-I29)+MINUTE(J29-I29)/60 -> 0 | AI29: =IFERROR((AH29-AG29),"") -> 0 | AL29: =IFERROR((AK29-AJ29),"") -> 0 | AO29: =IFERROR((AN29-AM29),"") -> 0 | AR29: =IFERROR((AQ29-AP29),"") -> 0
H30: =HOUR(G30-F30)+MINUTE(G30-F30)/60 -> 0 | K30: =HOUR(J30-I30)+MINUTE(J30-I30)/60 -> 0 | AI30: =IFERROR((AH30-AG30),"") -> 0 | AL30: =IFERROR((AK30-AJ30),"") -> 0 | AO30: =IFERROR((AN30-AM30),"") -> 0 | AR30: =IFERROR((AQ30-AP30),"") -> 0
H31: =HOUR(G31-F31)+MINUTE(G31-F31)/60 -> 0 | K31: =HOUR(J31-I31)+MINUTE(J31-I31)/60 -> 0 | AI31: =IFERROR((AH31-AG31),"") -> 0 | AL31: =IFERROR((AK31-AJ31),"") -> 0 | AO31: =IFERROR((AN31-AM31),"") -> 0 | AR31: =IFERROR((AQ31-AP31),"") -> 0
H32: =HOUR(G32-F32)+MINUTE(G32-F32)/60 -> 0 | K32: =HOUR(J32-I32)+MINUTE(J32-I32)/60 -> 0 | AI32: =IFERROR((AH32-AG32),"") -> 0 | AL32: =IFERROR((AK32-AJ32),"") -> 0 | AO32: =IFERROR((AN32-AM32),"") -> 0 | AR32: =IFERROR((AQ32-AP32),"") -> 0
H33: =HOUR(G33-F33)+MINUTE(G33-F33)/60 -> 0 | K33: =HOUR(J33-I33)+MINUTE(J33-I33)/60 -> 0 | AI33: =IFERROR((AH33-AG33),"") -> 0 | AL33: =IFERROR((AK33-AJ33),"") -> 0 | AO33: =IFERROR((AN33-AM33),"") -> 0 | AR33: =IFERROR((AQ33-AP33),"") -> 0
H34: =HOUR(G34-F34)+MINUTE(G34-F34)/60 -> 0 | K34: =HOUR(J34-I34)+MINUTE(J34-I34)/60 -> 0 | AI34: =IFERROR((AH34-AG34),"") -> 0 | AL34: =IFERROR((AK34-AJ34),"") -> 0 | AO34: =IFERROR((AN34-AM34),"") -> 0 | AR34: =IFERROR((AQ34-AP34),"") -> 0
H35: =HOUR(G35-F35)+MINUTE(G35-F35)/60 -> 0 | K35: =HOUR(J35-I35)+MINUTE(J35-I35)/60 -> 0 | AI35: =IFERROR((AH35-AG35),"") -> 0 | AL35: =IFERROR((AK35-AJ35),"") -> 0 | AO35: =IFERROR((AN35-AM35),"") -> 0 | AR35: =IFERROR((AQ35-AP35),"") -> 0
H36: =HOUR(G36-F36)+MINUTE(G36-F36)/60 -> 0 | K36: =HOUR(J36-I36)+MINUTE(J36-I36)/60 -> 0 | AI36: =IFERROR((AH36-AG36),"") -> 0 | AL36: =IFERROR((AK36-AJ36),"") -> 0 | AO36: =IFERROR((AN36-AM36),"") -> 0 | AR36: =IFERROR((AQ36-AP36),"") -> 0
H37: =HOUR(G37-F37)+MINUTE(G37-F37)/60 -> 0 | K37: =HOUR(J37-I37)+MINUTE(J37-I37)/60 -> 0 | AI37: =IFERROR((AH37-AG37),"") -> 0 | AL37: =IFERROR((AK37-AJ37),"") -> 0 | AO37: =IFERROR((AN37-AM37),"") -> 0 | AR37: =IFERROR((AQ37-AP37),"") -> 0
... H44: =HOUR(G44-F44)+MINUTE(G44-F44)/60 -> 0 | K44: =HOUR(J44-I44)+MINUTE(J44-I44)/60 -> 0 | AI44: =IFERROR((AH44-AG44),"") -> 0 | AL44: =IFERROR((AK44-AJ44),"") -> 0 | AO44: =IFERROR((AN44-AM44),"") -> 0 | AR44: =IFERROR((AQ44-AP44),"") -> 0
A46: QT-NL-01/BM15…………
A47: Lần ban hành: …06…………
A48: Ngày hiệu lực: …01/10/2025… | I48: Người Báo Cáo :……………………………… | S48: Người Thẩm Tra :…………………………………….
B51: Tổng cộng (tấn) | E51: =SUM(E10:E44) -> 101 | F51: Tổng cộng (giờ) | H51: =SUM(H10:H44) -> 14.5 | I51: Tổng cộng (giờ) | K51: =SUM(K10:L44) -> 9.5 | Q51: (Ghi chú: Chất lượng cảm quan chọn: Đ/KĐ) | Y51: Sản phẩm chạy lại (tấn) | AG51: Tổng cộng (KW) | AI51: =SUM(AI10:AI44) -> 1087 | AJ51: Tổng cộng (Kg) | AL51: =SUM(AL10:AL44) -> 2976 | AM51: Tổng cộng (KW) | AO51: =SUM(AO10:AO44) -> 402 | AP51: Tổng cộng (KW) | AR51: =SUM(AR10:AR44) -> 984
H53: Tồn trước | K53: Tồn sau | R53: Tấn/ngày | T53: Tấn/giờ | W53: KWh ngày | Y53: KWh/tấn | AB53: Kg hơi/ngày | AH53: Kg hơi/tấn | AL53: Nhân viên vận hành | AP53: Người thẩm tra
A54: QT-NL-01/BM15 Lần ban hành: 02 Ngày ban hành: 15/07/2019 | G54: CORN | H54: =SUM('2'!K54:Q54) -> 91 | K54: =H54+R54 -> 157 | R54: =SUMIF($B$10:$B$44,G54,$E$10:$E$44) -> 66 | T54: =IFERROR(R54/SUMIF($B$10:$B$44,G54,$H$10:$H$44),"") -> 8.25 | W54: =SUMIF($B$10:$B$44,G54,$AI$10:$AI$44)+SUMIF($B$10:$B$44,G54,$AO$10:$AO$44)+SUMIF($B$10:$B$44,G54,$AR$10:$AR$44) -> 1391 | Y54: =IFERROR(W54/R54,"") -> 21.075758 | AB54: =SUMIF($B$10:$B$44,G54,$AL$10:$AL$44) -> 15 | AH54: =IFERROR(AB54/R54,"") -> 0.22727273 | AL54: Ca 1 | AM54: quyết | AP54: lê văn lộc
G55: FFS | H55: =SUM('2'!K55:Q55) -> 74 | K55: =H55+R55 -> 109 | R55: =SUMIF($B$10:$B$44,G55,$E$10:$E$44) -> 35 | T55: =IFERROR(R55/SUMIF($B$10:$B$44,G55,$H$10:$H$44),"") -> 5.3846154 | W55: =SUMIF($B$10:$B$44,G55,$AI$10:$AI$44)+SUMIF($B$10:$B$44,G55,$AO$10:$AO$44)+SUMIF($B$10:$B$44,G55,$AR$10:$AR$44) -> 1082 | Y55: =IFERROR(W55/R55,"") -> 30.914286 | AB55: =SUMIF($B$10:$B$44,G55,$AL$10:$AL$44) -> 2961 | AH55: =IFERROR(AB55/R55,"") -> 84.6 | AL55: Ca 2 | AM55: quyết | AP55: Thẩm tra | AQ55: Ngày thẩm tra
G56: TỔNG | H56: =IFERROR(SUM(H54:J55),"") -> 165 | K56: =IFERROR(SUM(K54:Q55),"") -> 266 | R56: =IFERROR(SUM(R54:S55),"") -> 101 | T56: =IFERROR(AVERAGE(T54:U55),"") -> 6.8173077 | W56: =IFERROR(SUM(W54:X55),"") -> 2473 | Y56: =IFERROR(AVERAGE(Y54:AA55),"") -> 25.995022 | AB56: =IFERROR(SUM(AB54:AG55),"") -> 2976 | AH56: =IFERROR(AVERAGE(AH54:AI55),"") -> 42.413636 | AL56: Ca 3 | AM56: thanh

Sheet 4
A1: CÔNG TY CỔ PHẦN CHĂN NUÔI C.P VIỆT NAM
A2: Chi Nhánh Tại Bình Dương
A3: Phòng Kho Nguyên Liệu
A4: BÁO CÁO VẬN HÀNH VÀ KIỂM SOÁT QUÁ TRÌNH HẤP NGUYÊN LIỆU
Z5: Ngày:.….04..…../…06.../……2026…….
A6: Ca | B6: Nguyên liệu | C6: Từ bồn | D6: Đến bồn | E6: Sản lượng (tấn) | F6: Thời gian chạy | I6: Thời gian ngưng | M6: Lý do ngưng | Q6: KẾT QUẢ KIỂM TRA CHẤT LƯỢNG | Z6: Ampe máy hấp | AA6: % Feeder | AB6: Nhiệt độ hơi (°C) | AC6: Nhiệt độ máy | AG6: Điện sử dụng máy hấp | AJ6: Hơi nóng sử dụng | AM6: Điện sử dụng LINE | AP6: Điện sử dụng máy nghiền
F7: Bắt đầu | G7: Kết thúc | H7: Tổng cộng | I7: Bắt đầu | J7: Kết thúc | K7: Tổng cộng | M7: 1 | O7: 2 | Q7: Mẫu trước hấp | S7: Mẫu sau hấp | AC7: Conditioner | AD7: Extruder | AE7: Môi trường | AG7: Số đầu | AH7: Số cuối | AI7: KWh | AJ7: Số đầu | AK7: Số cuối | AL7: Kg hơi | AM7: Số đầu | AN7: Số cuối | AO7: KWh | AP7: Số đầu | AQ7: Số cuối | AR7: KWh
K8: 1 | L8: 2 | M8: Mã số | N8: Số lần | O8: Mã số | P8: Số lần | S8: Thời gian lấy mẫu | T8: Đậu nành | V8: Bắp | W8: %M | X8: Nhiệt độ Cooler | Y8: Người kiểm tra
T9: Chỉ số PS | U9: Chỉ số Trypsin | V9: Chỉ số Hydro
A10: 1 | B10: CORN | C10: 1 | D10: 30 | E10: 26 | F10: 0.25 | G10: 0.375 | H10: =HOUR(G10-F10)+MINUTE(G10-F10)/60 -> 3 | I10: 0.375 | J10: 0.48958333 | K10: =HOUR(J10-I10)+MINUTE(J10-I10)/60 -> 2.75 | M10: 153 | N10: 1 | Q10: Đặc điểm về cảm quang: | S10: 0.29166667 | V10: 40.12 | W10: 12.5 | X10: 33 | Y10: quyết | Z10: 130 | AA10: 60 | AB10: 100 | AC10: 101 | AD10: 118 | AE10: 31 | AG10: 40689 | AH10: 40972 | AI10: =IFERROR((AH10-AG10),"") -> 283 | AJ10: 9203648 | AK10: 9203734 | AL10: =IFERROR((AK10-AJ10),"") -> 86 | AM10: 958070 | AN10: 958153 | AO10: =IFERROR((AN10-AM10),"") -> 83 | AP10: 365790 | AQ10: 365971 | AR10: =IFERROR((AQ10-AP10),"") -> 181
H11: =HOUR(G11-F11)+MINUTE(G11-F11)/60 -> 0 | K11: =HOUR(J11-I11)+MINUTE(J11-I11)/60 -> 0 | Q11: 1.Trong chuẩn | R11: v | S11: 0.33333333 | V11: 40.21 | W11: 12.5 | X11: 34 | Y11: quyết | Z11: 133 | AA11: 60 | AB11: 100 | AC11: 102 | AD11: 118 | AE11: 31 | AI11: =IFERROR((AH11-AG11),"") -> 0 | AL11: =IFERROR((AK11-AJ11),"") -> 0 | AO11: =IFERROR((AN11-AM11),"") -> 0 | AR11: =IFERROR((AQ11-AP11),"") -> 0
H12: =HOUR(G12-F12)+MINUTE(G12-F12)/60 -> 0 | K12: =HOUR(J12-I12)+MINUTE(J12-I12)/60 -> 0 | Q12: 2.Ngoài chuẩn | AI12: =IFERROR((AH12-AG12),"") -> 0 | AL12: =IFERROR((AK12-AJ12),"") -> 0 | AO12: =IFERROR((AN12-AM12),"") -> 0 | AR12: =IFERROR((AQ12-AP12),"") -> 0
H13: =HOUR(G13-F13)+MINUTE(G13-F13)/60 -> 0 | K13: =HOUR(J13-I13)+MINUTE(J13-I13)/60 -> 0 | Q13: 3.Loại Lưới : | R13: 3,0mm | AI13: =IFERROR((AH13-AG13),"") -> 0 | AL13: =IFERROR((AK13-AJ13),"") -> 0 | AO13: =IFERROR((AN13-AM13),"") -> 0 | AR13: =IFERROR((AQ13-AP13),"") -> 0
A14: 1 | B14: FFS | C14: 4 | D14: 39 | E14: 12 | F14: 0.48958333 | G14: 0.58333333 | H14: =HOUR(G14-F14)+MINUTE(G14-F14)/60 -> 2.25 | K14: =HOUR(J14-I14)+MINUTE(J14-I14)/60 -> 0 | Q14: Đặc điểm về cảm quang: | S14: 0.5 | T14: 79.81 | U14: 9.44 | W14: 10.9 | X14: 33 | Y14: quyết | Z14: 113 | AA14: 60 | AB14: 100 | AC14: 101 | AD14: 133 | AE14: 32 | AG14: 636644 | AH14: 636773 | AI14: =IFERROR((AH14-AG14),"") -> 129 | AJ14: 28852 | AK14: 29774 | AL14: =IFERROR((AK14-AJ14),"") -> 922 | AM14: 958153 | AN14: 958218 | AO14: =IFERROR((AN14-AM14),"") -> 65 | AP14: 365971 | AQ14: 366136 | AR14: =IFERROR((AQ14-AP14),"") -> 165
H15: =HOUR(G15-F15)+MINUTE(G15-F15)/60 -> 0 | K15: =HOUR(J15-I15)+MINUTE(J15-I15)/60 -> 0 | Q15: 1.Trong chuẩn | R15: v | S15: 0.54166667 | T15: 78.98 | U15: 9.35 | W15: 10.9 | X15: 33 | Y15: quyết | Z15: 109 | AA15: 60 | AB15: 100 | AC15: 101 | AD15: 133 | AE15: 32 | AI15: =IFERROR((AH15-AG15),"") -> 0 | AL15: =IFERROR((AK15-AJ15),"") -> 0 | AO15: =IFERROR((AN15-AM15),"") -> 0 | AR15: =IFERROR((AQ15-AP15),"") -> 0
H16: =HOUR(G16-F16)+MINUTE(G16-F16)/60 -> 0 | K16: =HOUR(J16-I16)+MINUTE(J16-I16)/60 -> 0 | Q16: 2.Ngoài chuẩn | AI16: =IFERROR((AH16-AG16),"") -> 0 | AL16: =IFERROR((AK16-AJ16),"") -> 0 | AO16: =IFERROR((AN16-AM16),"") -> 0 | AR16: =IFERROR((AQ16-AP16),"") -> 0
H17: =HOUR(G17-F17)+MINUTE(G17-F17)/60 -> 0 | K17: =HOUR(J17-I17)+MINUTE(J17-I17)/60 -> 0 | Q17: 3.Loại Lưới : | R17: 2,5mm | AI17: =IFERROR((AH17-AG17),"") -> 0 | AL17: =IFERROR((AK17-AJ17),"") -> 0 | AO17: =IFERROR((AN17-AM17),"") -> 0 | AR17: =IFERROR((AQ17-AP17),"") -> 0
A18: 2 | B18: FFS | C18: 4 | D18: 39 | E18: 13 | F18: 0.58333333 | G18: 0.6875 | H18: =HOUR(G18-F18)+MINUTE(G18-F18)/60 -> 2.5 | I18: 0.6875 | J18: 0.91666667 | K18: =HOUR(J18-I18)+MINUTE(J18-I18)/60 -> 5.5 | M18: 153 | N18: 1 | Q18: Đặc điểm về cảm quang: | S18: 0.625 | T18: 80.01 | U18: 9.77 | W18: 10.9 | X18: 33 | Y18: quyết | Z18: 113 | AA18: 60 | AB18: 100 | AC18: 101 | AD18: 133 | AE18: 31 | AG18: 636773 | AH18: 636934 | AI18: =IFERROR((AH18-AG18),"") -> 161 | AJ18: 29774 | AK18: 31151 | AL18: =IFERROR((AK18-AJ18),"") -> 1377 | AM18: 958218 | AN18: 958286 | AO18: =IFERROR((AN18-AM18),"") -> 68 | AP18: 366136 | AQ18: 366343 | AR18: =IFERROR((AQ18-AP18),"") -> 207
H19: =HOUR(G19-F19)+MINUTE(G19-F19)/60 -> 0 | K19: =HOUR(J19-I19)+MINUTE(J19-I19)/60 -> 0 | Q19: 1.Trong chuẩn | R19: v | S19: 0.66666667 | T19: 79.51 | U19: 9.64 | W19: 10.9 | X19: 33 | Y19: quyết | Z19: 109 | AA19: 60 | AB19: 100 | AC19: 101 | AD19: 133 | AE19: 31 | AI19: =IFERROR((AH19-AG19),"") -> 0 | AL19: =IFERROR((AK19-AJ19),"") -> 0 | AO19: =IFERROR((AN19-AM19),"") -> 0 | AR19: =IFERROR((AQ19-AP19),"") -> 0
H20: =HOUR(G20-F20)+MINUTE(G20-F20)/60 -> 0 | K20: =HOUR(J20-I20)+MINUTE(J20-I20)/60 -> 0 | Q20: 2.Ngoài chuẩn | AI20: =IFERROR((AH20-AG20),"") -> 0 | AL20: =IFERROR((AK20-AJ20),"") -> 0 | AO20: =IFERROR((AN20-AM20),"") -> 0 | AR20: =IFERROR((AQ20-AP20),"") -> 0
A21: 3 | B21: CORN | H21: =HOUR(G21-F21)+MINUTE(G21-F21)/60 -> 0 | I21: 0.91666667 | J21: 1.25 | K21: =HOUR(J21-I21)+MINUTE(J21-I21)/60 -> 8 | M21: 502 | N21: 1 | Q21: 3.Loại Lưới : | R21: 2,5mm | AI21: =IFERROR((AH21-AG21),"") -> 0 | AL21: =IFERROR((AK21-AJ21),"") -> 0 | AO21: =IFERROR((AN21-AM21),"") -> 0 | AR21: =IFERROR((AQ21-AP21),"") -> 0
H22: =HOUR(G22-F22)+MINUTE(G22-F22)/60 -> 0 | K22: =HOUR(J22-I22)+MINUTE(J22-I22)/60 -> 0 | AI22: =IFERROR((AH22-AG22),"") -> 0 | AL22: =IFERROR((AK22-AJ22),"") -> 0 | AO22: =IFERROR((AN22-AM22),"") -> 0 | AR22: =IFERROR((AQ22-AP22),"") -> 0
H23: =HOUR(G23-F23)+MINUTE(G23-F23)/60 -> 0 | K23: =HOUR(J23-I23)+MINUTE(J23-I23)/60 -> 0 | AI23: =IFERROR((AH23-AG23),"") -> 0 | AL23: =IFERROR((AK23-AJ23),"") -> 0 | AO23: =IFERROR((AN23-AM23),"") -> 0 | AR23: =IFERROR((AQ23-AP23),"") -> 0
H24: =HOUR(G24-F24)+MINUTE(G24-F24)/60 -> 0 | K24: =HOUR(J24-I24)+MINUTE(J24-I24)/60 -> 0 | AI24: =IFERROR((AH24-AG24),"") -> 0 | AL24: =IFERROR((AK24-AJ24),"") -> 0 | AO24: =IFERROR((AN24-AM24),"") -> 0 | AR24: =IFERROR((AQ24-AP24),"") -> 0
H25: =HOUR(G25-F25)+MINUTE(G25-F25)/60 -> 0 | K25: =HOUR(J25-I25)+MINUTE(J25-I25)/60 -> 0 | AI25: =IFERROR((AH25-AG25),"") -> 0 | AL25: =IFERROR((AK25-AJ25),"") -> 0 | AO25: =IFERROR((AN25-AM25),"") -> 0 | AR25: =IFERROR((AQ25-AP25),"") -> 0
H26: =HOUR(G26-F26)+MINUTE(G26-F26)/60 -> 0 | K26: =HOUR(J26-I26)+MINUTE(J26-I26)/60 -> 0 | AI26: =IFERROR((AH26-AG26),"") -> 0 | AL26: =IFERROR((AK26-AJ26),"") -> 0 | AO26: =IFERROR((AN26-AM26),"") -> 0 | AR26: =IFERROR((AQ26-AP26),"") -> 0
H27: =HOUR(G27-F27)+MINUTE(G27-F27)/60 -> 0 | K27: =HOUR(J27-I27)+MINUTE(J27-I27)/60 -> 0 | AI27: =IFERROR((AH27-AG27),"") -> 0 | AL27: =IFERROR((AK27-AJ27),"") -> 0 | AO27: =IFERROR((AN27-AM27),"") -> 0 | AR27: =IFERROR((AQ27-AP27),"") -> 0
H28: =HOUR(G28-F28)+MINUTE(G28-F28)/60 -> 0 | K28: =HOUR(J28-I28)+MINUTE(J28-I28)/60 -> 0 | AI28: =IFERROR((AH28-AG28),"") -> 0 | AL28: =IFERROR((AK28-AJ28),"") -> 0 | AO28: =IFERROR((AN28-AM28),"") -> 0 | AR28: =IFERROR((AQ28-AP28),"") -> 0
H29: =HOUR(G29-F29)+MINUTE(G29-F29)/60 -> 0 | K29: =HOUR(J29-I29)+MINUTE(J29-I29)/60 -> 0 | AI29: =IFERROR((AH29-AG29),"") -> 0 | AL29: =IFERROR((AK29-AJ29),"") -> 0 | AO29: =IFERROR((AN29-AM29),"") -> 0 | AR29: =IFERROR((AQ29-AP29),"") -> 0
H30: =HOUR(G30-F30)+MINUTE(G30-F30)/60 -> 0 | K30: =HOUR(J30-I30)+MINUTE(J30-I30)/60 -> 0 | AI30: =IFERROR((AH30-AG30),"") -> 0 | AL30: =IFERROR((AK30-AJ30),"") -> 0 | AO30: =IFERROR((AN30-AM30),"") -> 0 | AR30: =IFERROR((AQ30-AP30),"") -> 0
H31: =HOUR(G31-F31)+MINUTE(G31-F31)/60 -> 0 | K31: =HOUR(J31-I31)+MINUTE(J31-I31)/60 -> 0 | AI31: =IFERROR((AH31-AG31),"") -> 0 | AL31: =IFERROR((AK31-AJ31),"") -> 0 | AO31: =IFERROR((AN31-AM31),"") -> 0 | AR31: =IFERROR((AQ31-AP31),"") -> 0
H32: =HOUR(G32-F32)+MINUTE(G32-F32)/60 -> 0 | K32: =HOUR(J32-I32)+MINUTE(J32-I32)/60 -> 0 | AI32: =IFERROR((AH32-AG32),"") -> 0 | AL32: =IFERROR((AK32-AJ32),"") -> 0 | AO32: =IFERROR((AN32-AM32),"") -> 0 | AR32: =IFERROR((AQ32-AP32),"") -> 0
H33: =HOUR(G33-F33)+MINUTE(G33-F33)/60 -> 0 | K33: =HOUR(J33-I33)+MINUTE(J33-I33)/60 -> 0 | AI33: =IFERROR((AH33-AG33),"") -> 0 | AL33: =IFERROR((AK33-AJ33),"") -> 0 | AO33: =IFERROR((AN33-AM33),"") -> 0 | AR33: =IFERROR((AQ33-AP33),"") -> 0
... H44: =HOUR(G44-F44)+MINUTE(G44-F44)/60 -> 0 | K44: =HOUR(J44-I44)+MINUTE(J44-I44)/60 -> 0 | AI44: =IFERROR((AH44-AG44),"") -> 0 | AL44: =IFERROR((AK44-AJ44),"") -> 0 | AO44: =IFERROR((AN44-AM44),"") -> 0 | AR44: =IFERROR((AQ44-AP44),"") -> 0
A46: QT-NL-01/BM15…………
A47: Lần ban hành: …06…………
A48: Ngày hiệu lực: …01/10/2025… | I48: Người Báo Cáo :……………………………… | S48: Người Thẩm Tra :…………………………………….
B51: Tổng cộng (tấn) | E51: =SUM(E10:E44) -> 51 | F51: Tổng cộng (giờ) | H51: =SUM(H10:H44) -> 7.75 | I51: Tổng cộng (giờ) | K51: =SUM(K10:L44) -> 16.25 | Q51: (Ghi chú: Chất lượng cảm quan chọn: Đ/KĐ) | Y51: Sản phẩm chạy lại (tấn) | AC51: 2 | AG51: Tổng cộng (KW) | AI51: =SUM(AI10:AI44) -> 573 | AJ51: Tổng cộng (Kg) | AL51: =SUM(AL10:AL44) -> 2385 | AM51: Tổng cộng (KW) | AO51: =SUM(AO10:AO44) -> 216 | AP51: Tổng cộng (KW) | AR51: =SUM(AR10:AR44) -> 553
H53: Tồn trước | K53: Tồn sau | R53: Tấn/ngày | T53: Tấn/giờ | W53: KWh ngày | Y53: KWh/tấn | AB53: Kg hơi/ngày | AH53: Kg hơi/tấn | AL53: Nhân viên vận hành | AP53: Người thẩm tra
A54: QT-NL-01/BM15 Lần ban hành: 02 Ngày ban hành: 15/07/2019 | G54: CORN | H54: =SUM('3'!K54:Q54) -> 157 | K54: =H54+R54 -> 183 | R54: =SUMIF($B$10:$B$44,G54,$E$10:$E$44) -> 26 | T54: =IFERROR(R54/SUMIF($B$10:$B$44,G54,$H$10:$H$44),"") -> 8.6666667 | W54: =SUMIF($B$10:$B$44,G54,$AI$10:$AI$44)+SUMIF($B$10:$B$44,G54,$AO$10:$AO$44)+SUMIF($B$10:$B$44,G54,$AR$10:$AR$44) -> 547 | Y54: =IFERROR(W54/R54,"") -> 21.038462 | AB54: =SUMIF($B$10:$B$44,G54,$AL$10:$AL$44) -> 86 | AH54: =IFERROR(AB54/R54,"") -> 3.3076923 | AL54: Ca 1 | AM54: quyết | AP54: lê văn lộc
G55: FFS | H55: =SUM('3'!K55:Q55) -> 109 | K55: =H55+R55 -> 134 | R55: =SUMIF($B$10:$B$44,G55,$E$10:$E$44) -> 25 | T55: =IFERROR(R55/SUMIF($B$10:$B$44,G55,$H$10:$H$44),"") -> 5.2631579 | W55: =SUMIF($B$10:$B$44,G55,$AI$10:$AI$44)+SUMIF($B$10:$B$44,G55,$AO$10:$AO$44)+SUMIF($B$10:$B$44,G55,$AR$10:$AR$44) -> 795 | Y55: =IFERROR(W55/R55,"") -> 31.8 | AB55: =SUMIF($B$10:$B$44,G55,$AL$10:$AL$44) -> 2299 | AH55: =IFERROR(AB55/R55,"") -> 91.96 | AL55: Ca 2 | AM55: quyết | AP55: Thẩm tra | AQ55: Ngày thẩm tra
G56: TỔNG | H56: =IFERROR(SUM(H54:J55),"") -> 266 | K56: =IFERROR(SUM(K54:Q55),"") -> 317 | R56: =IFERROR(SUM(R54:S55),"") -> 51 | T56: =IFERROR(AVERAGE(T54:U55),"") -> 6.9649123 | W56: =IFERROR(SUM(W54:X55),"") -> 1342 | Y56: =IFERROR(AVERAGE(Y54:AA55),"") -> 26.419231 | AB56: =IFERROR(SUM(AB54:AG55),"") -> 2385 | AH56: =IFERROR(AVERAGE(AH54:AI55),"") -> 47.633846 | AL56: Ca 3 | AM56: thanh

Sheet 5
A1: CÔNG TY CỔ PHẦN CHĂN NUÔI C.P VIỆT NAM
A2: Chi Nhánh Tại Bình Dương
A3: Phòng Kho Nguyên Liệu
A4: BÁO CÁO VẬN HÀNH VÀ KIỂM SOÁT QUÁ TRÌNH HẤP NGUYÊN LIỆU
Z5: Ngày:.…..05.…../…06.../……2026.…….
A6: Ca | B6: Nguyên liệu | C6: Từ bồn | D6: Đến bồn | E6: Sản lượng (tấn) | F6: Thời gian chạy | I6: Thời gian ngưng | M6: Lý do ngưng | Q6: KẾT QUẢ KIỂM TRA CHẤT LƯỢNG | Z6: Ampe máy hấp | AA6: % Feeder | AB6: Nhiệt độ hơi (°C) | AC6: Nhiệt độ máy | AG6: Điện sử dụng máy hấp | AJ6: Hơi nóng sử dụng | AM6: Điện sử dụng LINE | AP6: Điện sử dụng máy nghiền
F7: Bắt đầu | G7: Kết thúc | H7: Tổng cộng | I7: Bắt đầu | J7: Kết thúc | K7: Tổng cộng | M7: 1 | O7: 2 | Q7: Mẫu trước hấp | S7: Mẫu sau hấp | AC7: Conditioner | AD7: Extruder | AE7: Môi trường | AG7: Số đầu | AH7: Số cuối | AI7: KWh | AJ7: Số đầu | AK7: Số cuối | AL7: Kg hơi | AM7: Số đầu | AN7: Số cuối | AO7: KWh | AP7: Số đầu | AQ7: Số cuối | AR7: KWh
K8: 1 | L8: 2 | M8: Mã số | N8: Số lần | O8: Mã số | P8: Số lần | S8: Thời gian lấy mẫu | T8: Đậu nành | V8: Bắp | W8: %M | X8: Nhiệt độ Cooler | Y8: Người kiểm tra
T9: Chỉ số PS | U9: Chỉ số Trypsin | V9: Chỉ số Hydro
A10: 1 | H10: =HOUR(G10-F10)+MINUTE(G10-F10)/60 -> 0 | I10: 0.25 | J10: 0.5 | K10: =HOUR(J10-I10)+MINUTE(J10-I10)/60 -> 6 | M10: 153 | N10: 1 | Q10: Đặc điểm về cảm quang: | AI10: =IFERROR((AH10-AG10),"") -> 0 | AL10: =IFERROR((AK10-AJ10),"") -> 0 | AO10: =IFERROR((AN10-AM10),"") -> 0 | AR10: =IFERROR((AQ10-AP10),"") -> 0
A11: 1 | B11: FFS | C11: 4 | D11: 39 | E11: 12 | F11: 0.5 | G11: 0.58333333 | H11: =HOUR(G11-F11)+MINUTE(G11-F11)/60 -> 2 | K11: =HOUR(J11-I11)+MINUTE(J11-I11)/60 -> 0 | Q11: 1.Trong chuẩn | R11: v | S11: 0.5 | T11: 79.55 | U11: 9.34 | W11: 10.9 | X11: 33 | Y11: quyết | Z11: 113 | AA11: 63 | AB11: 100 | AC11: 101 | AD11: 133 | AE11: 32 | AG11: 636934 | AH11: 637065 | AI11: =IFERROR((AH11-AG11),"") -> 131 | AJ11: 31151 | AK11: 32350 | AL11: =IFERROR((AK11-AJ11),"") -> 1199 | AM11: 958286 | AN11: 958348 | AO11: =IFERROR((AN11-AM11),"") -> 62 | AP11: 366343 | AQ11: 366502 | AR11: =IFERROR((AQ11-AP11),"") -> 159
H12: =HOUR(G12-F12)+MINUTE(G12-F12)/60 -> 0 | K12: =HOUR(J12-I12)+MINUTE(J12-I12)/60 -> 0 | Q12: 2.Ngoài chuẩn | S12: 0.54166667 | T12: 79.64 | U12: 9.11 | W12: 10.9 | X12: 33 | Y12: quyết | Z12: 109 | AA12: 63 | AB12: 100 | AC12: 101 | AD12: 133 | AE12: 32 | AI12: =IFERROR((AH12-AG12),"") -> 0 | AL12: =IFERROR((AK12-AJ12),"") -> 0 | AO12: =IFERROR((AN12-AM12),"") -> 0 | AR12: =IFERROR((AQ12-AP12),"") -> 0
H13: =HOUR(G13-F13)+MINUTE(G13-F13)/60 -> 0 | K13: =HOUR(J13-I13)+MINUTE(J13-I13)/60 -> 0 | Q13: 3.Loại Lưới : | R13: 2,5mm | AI13: =IFERROR((AH13-AG13),"") -> 0 | AL13: =IFERROR((AK13-AJ13),"") -> 0 | AO13: =IFERROR((AN13-AM13),"") -> 0 | AR13: =IFERROR((AQ13-AP13),"") -> 0
A14: 2 | B14: FFS | C14: 4 | D14: 39 | E14: 14 | F14: 0.58333333 | G14: 0.6875 | H14: =HOUR(G14-F14)+MINUTE(G14-F14)/60 -> 2.5 | I14: 0.6875 | J14: 0.91666667 | K14: =HOUR(J14-I14)+MINUTE(J14-I14)/60 -> 5.5 | M14: 153 | N14: 1 | Q14: 1.Trong chuẩn | R14: v | S14: 0.58333333 | T14: 79.4 | U14: 9.6 | W14: 10.8 | X14: 34 | Y14: tính | Z14: 116 | AA14: 60 | AB14: 100 | AC14: 102 | AD14: 133 | AE14: 33 | AG14: 637065 | AH14: 637236 | AI14: =IFERROR((AH14-AG14),"") -> 171 | AJ14: 32350 | AK14: 33566 | AL14: =IFERROR((AK14-AJ14),"") -> 1216 | AM14: 958348 | AN14: 958409 | AO14: =IFERROR((AN14-AM14),"") -> 61 | AP14: 366502 | AQ14: 366708 | AR14: =IFERROR((AQ14-AP14),"") -> 206
H15: =HOUR(G15-F15)+MINUTE(G15-F15)/60 -> 0 | K15: =HOUR(J15-I15)+MINUTE(J15-I15)/60 -> 0 | Q15: 2.Ngoài chuẩn | S15: 0.625 | T15: 80.1 | U15: 8.8 | W15: 10.8 | X15: 35 | Y15: tính | Z15: 114 | AA15: 60 | AB15: 100 | AC15: 101 | AD15: 134 | AE15: 33 | AI15: =IFERROR((AH15-AG15),"") -> 0 | AL15: =IFERROR((AK15-AJ15),"") -> 0 | AO15: =IFERROR((AN15-AM15),"") -> 0 | AR15: =IFERROR((AQ15-AP15),"") -> 0
H16: =HOUR(G16-F16)+MINUTE(G16-F16)/60 -> 0 | K16: =HOUR(J16-I16)+MINUTE(J16-I16)/60 -> 0 | Q16: 3.Loại Lưới : | R16: 2,5mm | S16: 0.66666667 | T16: 78.9 | U16: 9.1 | W16: 10.8 | X16: 34 | Y16: tính | Z16: 110 | AA16: 60 | AB16: 100 | AC16: 101 | AD16: 134 | AE16: 33 | AI16: =IFERROR((AH16-AG16),"") -> 0 | AL16: =IFERROR((AK16-AJ16),"") -> 0 | AO16: =IFERROR((AN16-AM16),"") -> 0 | AR16: =IFERROR((AQ16-AP16),"") -> 0
A17: 3 | H17: =HOUR(G17-F17)+MINUTE(G17-F17)/60 -> 0 | I17: 0.91666667 | J17: 1.25 | K17: =HOUR(J17-I17)+MINUTE(J17-I17)/60 -> 8 | M17: 152 | N17: 1 | AI17: =IFERROR((AH17-AG17),"") -> 0 | AL17: =IFERROR((AK17-AJ17),"") -> 0 | AO17: =IFERROR((AN17-AM17),"") -> 0 | AR17: =IFERROR((AQ17-AP17),"") -> 0
H18: =HOUR(G18-F18)+MINUTE(G18-F18)/60 -> 0 | K18: =HOUR(J18-I18)+MINUTE(J18-I18)/60 -> 0 | AI18: =IFERROR((AH18-AG18),"") -> 0 | AL18: =IFERROR((AK18-AJ18),"") -> 0 | AO18: =IFERROR((AN18-AM18),"") -> 0 | AR18: =IFERROR((AQ18-AP18),"") -> 0
H19: =HOUR(G19-F19)+MINUTE(G19-F19)/60 -> 0 | K19: =HOUR(J19-I19)+MINUTE(J19-I19)/60 -> 0 | AI19: =IFERROR((AH19-AG19),"") -> 0 | AL19: =IFERROR((AK19-AJ19),"") -> 0 | AO19: =IFERROR((AN19-AM19),"") -> 0 | AR19: =IFERROR((AQ19-AP19),"") -> 0
H20: =HOUR(G20-F20)+MINUTE(G20-F20)/60 -> 0 | K20: =HOUR(J20-I20)+MINUTE(J20-I20)/60 -> 0 | AI20: =IFERROR((AH20-AG20),"") -> 0 | AL20: =IFERROR((AK20-AJ20),"") -> 0 | AO20: =IFERROR((AN20-AM20),"") -> 0 | AR20: =IFERROR((AQ20-AP20),"") -> 0
H21: =HOUR(G21-F21)+MINUTE(G21-F21)/60 -> 0 | K21: =HOUR(J21-I21)+MINUTE(J21-I21)/60 -> 0 | AI21: =IFERROR((AH21-AG21),"") -> 0 | AL21: =IFERROR((AK21-AJ21),"") -> 0 | AO21: =IFERROR((AN21-AM21),"") -> 0 | AR21: =IFERROR((AQ21-AP21),"") -> 0
H22: =HOUR(G22-F22)+MINUTE(G22-F22)/60 -> 0 | K22: =HOUR(J22-I22)+MINUTE(J22-I22)/60 -> 0 | AI22: =IFERROR((AH22-AG22),"") -> 0 | AL22: =IFERROR((AK22-AJ22),"") -> 0 | AO22: =IFERROR((AN22-AM22),"") -> 0 | AR22: =IFERROR((AQ22-AP22),"") -> 0
H23: =HOUR(G23-F23)+MINUTE(G23-F23)/60 -> 0 | K23: =HOUR(J23-I23)+MINUTE(J23-I23)/60 -> 0 | AI23: =IFERROR((AH23-AG23),"") -> 0 | AL23: =IFERROR((AK23-AJ23),"") -> 0 | AO23: =IFERROR((AN23-AM23),"") -> 0 | AR23: =IFERROR((AQ23-AP23),"") -> 0
H24: =HOUR(G24-F24)+MINUTE(G24-F24)/60 -> 0 | K24: =HOUR(J24-I24)+MINUTE(J24-I24)/60 -> 0 | AI24: =IFERROR((AH24-AG24),"") -> 0 | AL24: =IFERROR((AK24-AJ24),"") -> 0 | AO24: =IFERROR((AN24-AM24),"") -> 0 | AR24: =IFERROR((AQ24-AP24),"") -> 0
H25: =HOUR(G25-F25)+MINUTE(G25-F25)/60 -> 0 | K25: =HOUR(J25-I25)+MINUTE(J25-I25)/60 -> 0 | AI25: =IFERROR((AH25-AG25),"") -> 0 | AL25: =IFERROR((AK25-AJ25),"") -> 0 | AO25: =IFERROR((AN25-AM25),"") -> 0 | AR25: =IFERROR((AQ25-AP25),"") -> 0
H26: =HOUR(G26-F26)+MINUTE(G26-F26)/60 -> 0 | K26: =HOUR(J26-I26)+MINUTE(J26-I26)/60 -> 0 | AI26: =IFERROR((AH26-AG26),"") -> 0 | AL26: =IFERROR((AK26-AJ26),"") -> 0 | AO26: =IFERROR((AN26-AM26),"") -> 0 | AR26: =IFERROR((AQ26-AP26),"") -> 0
H27: =HOUR(G27-F27)+MINUTE(G27-F27)/60 -> 0 | K27: =HOUR(J27-I27)+MINUTE(J27-I27)/60 -> 0 | AI27: =IFERROR((AH27-AG27),"") -> 0 | AL27: =IFERROR((AK27-AJ27),"") -> 0 | AO27: =IFERROR((AN27-AM27),"") -> 0 | AR27: =IFERROR((AQ27-AP27),"") -> 0
H28: =HOUR(G28-F28)+MINUTE(G28-F28)/60 -> 0 | K28: =HOUR(J28-I28)+MINUTE(J28-I28)/60 -> 0 | AI28: =IFERROR((AH28-AG28),"") -> 0 | AL28: =IFERROR((AK28-AJ28),"") -> 0 | AO28: =IFERROR((AN28-AM28),"") -> 0 | AR28: =IFERROR((AQ28-AP28),"") -> 0
H29: =HOUR(G29-F29)+MINUTE(G29-F29)/60 -> 0 | K29: =HOUR(J29-I29)+MINUTE(J29-I29)/60 -> 0 | AI29: =IFERROR((AH29-AG29),"") -> 0 | AL29: =IFERROR((AK29-AJ29),"") -> 0 | AO29: =IFERROR((AN29-AM29),"") -> 0 | AR29: =IFERROR((AQ29-AP29),"") -> 0
... H45: =HOUR(G45-F45)+MINUTE(G45-F45)/60 -> 0 | K45: =HOUR(J45-I45)+MINUTE(J45-I45)/60 -> 0 | AI45: =IFERROR((AH45-AG45),"") -> 0 | AL45: =IFERROR((AK45-AJ45),"") -> 0 | AO45: =IFERROR((AN45-AM45),"") -> 0 | AR45: =IFERROR((AQ45-AP45),"") -> 0
A47: QT-NL-01/BM15…………
A48: Lần ban hành: …06…………
A49: Ngày hiệu lực: …01/10/2025… | I49: Người Báo Cáo :……………………………… | S49: Người Thẩm Tra :…………………………………….
H52: =HOUR(G52-F52)+MINUTE(G52-F52)/60 -> 0 | K52: =HOUR(J52-I52)+MINUTE(J52-I52)/60 -> 0 | AI52: =IFERROR((AH52-AG52),"") -> 0 | AL52: =IFERROR((AK52-AJ52),"") -> 0 | AO52: =IFERROR((AN52-AM52),"") -> 0 | AR52: =IFERROR((AQ52-AP52),"") -> 0
B53: Tổng cộng (tấn) | E53: =SUM(E10:E52) -> 26 | F53: Tổng cộng (giờ) | H53: =SUM(H10:H52) -> 4.5 | I53: Tổng cộng (giờ) | K53: =SUM(K10:L52) -> 19.5 | Q53: (Ghi chú: Chất lượng cảm quan chọn: Đ/KĐ) | Y53: Sản phẩm chạy lại (tấn) | AG53: Tổng cộng (KW) | AI53: =SUM(AI10:AI52) -> 302 | AJ53: Tổng cộng (Kg) | AL53: =SUM(AL10:AL52) -> 2415 | AM53: Tổng cộng (KW) | AO53: =SUM(AO10:AO52) -> 123 | AP53: Tổng cộng (KW) | AR53: =SUM(AR10:AR52) -> 365
H55: Tồn trước | K55: Tồn sau | R55: Tấn/ngày | T55: Tấn/giờ | W55: KWh ngày | Y55: KWh/tấn | AB55: Kg hơi/ngày | AH55: Kg hơi/tấn | AL55: Nhân viên vận hành | AP55: Người thẩm tra
A56: QT-NL-01/BM15 Lần ban hành: 02 Ngày ban hành: 15/07/2019 | G56: CORN | H56: =SUM('4'!K54:Q54) -> 183 | K56: =H56+R56 -> 183 | R56: =SUMIF($B$10:$B$52,G56,$E$10:$E$52) -> 0 | T56: =IFERROR(R56/SUMIF($B$10:$B$52,G56,$H$10:$H$52),"") | W56: =SUMIF($B$10:$B$52,G56,$AI$10:$AI$52)+SUMIF($B$10:$B$52,G56,$AO$10:$AO$52)+SUMIF($B$10:$B$52,G56,$AR$10:$AR$52) -> 0 | Y56: =IFERROR(W56/R56,"") | AB56: =SUMIF($B$10:$B$52,G56,$AL$10:$AL$52) -> 0 | AH56: =IFERROR(AB56/R56,"") | AL56: Ca 1 | AM56: quyết | AP56: lê văn lộc
G57: FFS | H57: =SUM('4'!K55:Q55) -> 134 | K57: =H57+R57 -> 160 | R57: =SUMIF($B$10:$B$52,G57,$E$10:$E$52) -> 26 | T57: =IFERROR(R57/SUMIF($B$10:$B$52,G57,$H$10:$H$52),"") -> 5.7777778 | W57: =SUMIF($B$10:$B$52,G57,$AI$10:$AI$52)+SUMIF($B$10:$B$52,G57,$AO$10:$AO$52)+SUMIF($B$10:$B$52,G57,$AR$10:$AR$52) -> 790 | Y57: =IFERROR(W57/R57,"") -> 30.384615 | AB57: =SUMIF($B$10:$B$52,G57,$AL$10:$AL$52) -> 2415 | AH57: =IFERROR(AB57/R57,"") -> 92.884615 | AL57: Ca 2 | AM57: tính | AP57: Thẩm tra | AQ57: Ngày thẩm tra
G58: TỔNG | H58: =IFERROR(SUM(H56:J57),"") -> 317 | K58: =IFERROR(SUM(K56:Q57),"") -> 343 | R58: =IFERROR(SUM(R56:S57),"") -> 26 | T58: =IFERROR(AVERAGE(T56:U57),"") -> 5.7777778 | W58: =IFERROR(SUM(W56:X57),"") -> 790 | Y58: =IFERROR(AVERAGE(Y56:AA57),"") -> 30.384615 | AB58: =IFERROR(SUM(AB56:AG57),"") -> 2415 | AH58: =IFERROR(AVERAGE(AH56:AI57),"") -> 92.884615 | AL58: Ca 3 | AM58: thanh

Sheet 6
A1: CÔNG TY CỔ PHẦN CHĂN NUÔI C.P VIỆT NAM
A2: Chi Nhánh Tại Bình Dương
A3: Phòng Kho Nguyên Liệu
A4: BÁO CÁO VẬN HÀNH VÀ KIỂM SOÁT QUÁ TRÌNH HẤP NGUYÊN LIỆU
Z5: Ngày:.…..06.…../….06…../…2026….…….
A6: Ca | B6: Nguyên liệu | C6: Từ bồn | D6: Đến bồn | E6: Sản lượng (tấn) | F6: Thời gian chạy | I6: Thời gian ngưng | M6: Lý do ngưng | Q6: KẾT QUẢ KIỂM TRA CHẤT LƯỢNG | Z6: Ampe máy hấp | AA6: % Feeder | AB6: Nhiệt độ hơi (°C) | AC6: Nhiệt độ máy | AG6: Điện sử dụng máy hấp | AJ6: Hơi nóng sử dụng | AM6: Điện sử dụng LINE | AP6: Điện sử dụng máy nghiền
F7: Bắt đầu | G7: Kết thúc | H7: Tổng cộng | I7: Bắt đầu | J7: Kết thúc | K7: Tổng cộng | M7: 1 | O7: 2 | Q7: Mẫu trước hấp | S7: Mẫu sau hấp | AC7: Conditioner | AD7: Extruder | AE7: Môi trường | AG7: Số đầu | AH7: Số cuối | AI7: KWh | AJ7: Số đầu | AK7: Số cuối | AL7: Kg hơi | AM7: Số đầu | AN7: Số cuối | AO7: KWh | AP7: Số đầu | AQ7: Số cuối | AR7: KWh
K8: 1 | L8: 2 | M8: Mã số | N8: Số lần | O8: Mã số | P8: Số lần | S8: Thời gian lấy mẫu | T8: Đậu nành | V8: Bắp | W8: %M | X8: Nhiệt độ Cooler | Y8: Người kiểm tra
T9: Chỉ số PS | U9: Chỉ số Trypsin | V9: Chỉ số Hydro
H10: =HOUR(G10-F10)+MINUTE(G10-F10)/60 -> 0 | K10: =HOUR(J10-I10)+MINUTE(J10-I10)/60 -> 0 | Q10: Đặc điểm về cảm quang: | AI10: =IFERROR((AH10-AG10),"") -> 0 | AL10: =IFERROR((AK10-AJ10),"") -> 0 | AO10: =IFERROR((AN10-AM10),"") -> 0 | AR10: =IFERROR((AQ10-AP10),"") -> 0
A11: 1 | H11: =HOUR(G11-F11)+MINUTE(G11-F11)/60 -> 0 | I11: 0.25 | J11: 0.58333333 | K11: =HOUR(J11-I11)+MINUTE(J11-I11)/60 -> 8 | M11: 153 | N11: 1 | Q11: 1.Trong chuẩn | R11: v | AI11: =IFERROR((AH11-AG11),"") -> 0 | AL11: =IFERROR((AK11-AJ11),"") -> 0 | AO11: =IFERROR((AN11-AM11),"") -> 0 | AR11: =IFERROR((AQ11-AP11),"") -> 0
A12: 2 | H12: =HOUR(G12-F12)+MINUTE(G12-F12)/60 -> 0 | I12: 0.58333333 | J12: 0.91666667 | K12: =HOUR(J12-I12)+MINUTE(J12-I12)/60 -> 8 | M12: 153 | N12: 1 | Q12: 2.Ngoài chuẩn | AI12: =IFERROR((AH12-AG12),"") -> 0 | AL12: =IFERROR((AK12-AJ12),"") -> 0 | AO12: =IFERROR((AN12-AM12),"") -> 0 | AR12: =IFERROR((AQ12-AP12),"") -> 0
A13: 3 | B13: CORN | C13: 1 | D13: 30 | E13: 60 | F13: 0.91666667 | G13: 1.2083333 | H13: =HOUR(G13-F13)+MINUTE(G13-F13)/60 -> 7 | I13: 1.2083333 | J13: 1.25 | K13: =HOUR(J13-I13)+MINUTE(J13-I13)/60 -> 1 | M13: 153 | N13: 1 | Q13: 3.Loại Lưới : | R13: 3,0mm | S13: 0.95833333 | V13: 40.02 | W13: 12.5 | X13: 33 | Y13: thanh | Z13: 123 | AA13: 68 | AB13: 100 | AC13: 101 | AD13: 118 | AE13: 32 | AG13: 40972 | AH13: 41544 | AI13: =IFERROR((AH13-AG13),"") -> 572 | AJ13: 9208292 | AK13: 9208395 | AL13: =IFERROR((AK13-AJ13),"") -> 103 | AM13: 958409 | AN13: 958608 | AO13: =IFERROR((AN13-AM13),"") -> 199 | AP13: 366708 | AQ13: 367080 | AR13: =IFERROR((AQ13-AP13),"") -> 372
H14: =HOUR(G14-F14)+MINUTE(G14-F14)/60 -> 0 | K14: =HOUR(J14-I14)+MINUTE(J14-I14)/60 -> 0 | S14: 1 | V14: 41.03 | W14: 12.5 | X14: 33 | Y14: thanh | Z14: 120 | AA14: 70 | AB14: 100 | AC14: 101 | AD14: 118 | AE14: 31 | AI14: =IFERROR((AH14-AG14),"") -> 0 | AL14: =IFERROR((AK14-AJ14),"") -> 0 | AO14: =IFERROR((AN14-AM14),"") -> 0 | AR14: =IFERROR((AQ14-AP14),"") -> 0
H15: =HOUR(G15-F15)+MINUTE(G15-F15)/60 -> 0 | K15: =HOUR(J15-I15)+MINUTE(J15-I15)/60 -> 0 | S15: 1.0416667 | V15: 40.21 | W15: 12.5 | X15: 34 | Y15: thanh | Z15: 125 | AA15: 68 | AB15: 100 | AC15: 101 | AD15: 119 | AE15: 31 | AI15: =IFERROR((AH15-AG15),"") -> 0 | AL15: =IFERROR((AK15-AJ15),"") -> 0 | AO15: =IFERROR((AN15-AM15),"") -> 0 | AR15: =IFERROR((AQ15-AP15),"") -> 0
H16: =HOUR(G16-F16)+MINUTE(G16-F16)/60 -> 0 | K16: =HOUR(J16-I16)+MINUTE(J16-I16)/60 -> 0 | S16: 1.0833333 | V16: 40.03 | W16: 12.5 | X16: 34 | Y16: thanh | Z16: 119 | AA16: 68 | AB16: 100 | AC16: 102 | AD16: 120 | AE16: 30 | AI16: =IFERROR((AH16-AG16),"") -> 0 | AL16: =IFERROR((AK16-AJ16),"") -> 0 | AO16: =IFERROR((AN16-AM16),"") -> 0 | AR16: =IFERROR((AQ16-AP16),"") -> 0
H17: =HOUR(G17-F17)+MINUTE(G17-F17)/60 -> 0 | K17: =HOUR(J17-I17)+MINUTE(J17-I17)/60 -> 0 | S17: 1.125 | V17: 40.12 | W17: 12.5 | X17: 33 | Y17: thanh | Z17: 132 | AA17: 68 | AB17: 100 | AC17: 100 | AD17: 120 | AE17: 30 | AI17: =IFERROR((AH17-AG17),"") -> 0 | AL17: =IFERROR((AK17-AJ17),"") -> 0 | AO17: =IFERROR((AN17-AM17),"") -> 0 | AR17: =IFERROR((AQ17-AP17),"") -> 0
H18: =HOUR(G18-F18)+MINUTE(G18-F18)/60 -> 0 | K18: =HOUR(J18-I18)+MINUTE(J18-I18)/60 -> 0 | S18: 1.1666667 | V18: 40.11 | W18: 12.5 | X18: 34 | Y18: thanh | Z18: 116 | AA18: 70 | AB18: 100 | AC18: 101 | AD18: 119 | AE18: 30 | AI18: =IFERROR((AH18-AG18),"") -> 0 | AL18: =IFERROR((AK18-AJ18),"") -> 0 | AO18: =IFERROR((AN18-AM18),"") -> 0 | AR18: =IFERROR((AQ18-AP18),"") -> 0
H19: =HOUR(G19-F19)+MINUTE(G19-F19)/60 -> 0 | K19: =HOUR(J19-I19)+MINUTE(J19-I19)/60 -> 0 | S19: 1.2083333 | V19: 40.15 | W19: 12.5 | X19: 34 | Y19: thanh | Z19: 121 | AA19: 70 | AB19: 100 | AC19: 101 | AD19: 119 | AE19: 30 | AI19: =IFERROR((AH19-AG19),"") -> 0 | AL19: =IFERROR((AK19-AJ19),"") -> 0 | AO19: =IFERROR((AN19-AM19),"") -> 0 | AR19: =IFERROR((AQ19-AP19),"") -> 0
H20: =HOUR(G20-F20)+MINUTE(G20-F20)/60 -> 0 | K20: =HOUR(J20-I20)+MINUTE(J20-I20)/60 -> 0 | AI20: =IFERROR((AH20-AG20),"") -> 0 | AL20: =IFERROR((AK20-AJ20),"") -> 0 | AO20: =IFERROR((AN20-AM20),"") -> 0 | AR20: =IFERROR((AQ20-AP20),"") -> 0
H21: =HOUR(G21-F21)+MINUTE(G21-F21)/60 -> 0 | K21: =HOUR(J21-I21)+MINUTE(J21-I21)/60 -> 0 | AI21: =IFERROR((AH21-AG21),"") -> 0 | AL21: =IFERROR((AK21-AJ21),"") -> 0 | AO21: =IFERROR((AN21-AM21),"") -> 0 | AR21: =IFERROR((AQ21-AP21),"") -> 0
H22: =HOUR(G22-F22)+MINUTE(G22-F22)/60 -> 0 | K22: =HOUR(J22-I22)+MINUTE(J22-I22)/60 -> 0 | AI22: =IFERROR((AH22-AG22),"") -> 0 | AL22: =IFERROR((AK22-AJ22),"") -> 0 | AO22: =IFERROR((AN22-AM22),"") -> 0 | AR22: =IFERROR((AQ22-AP22),"") -> 0
H23: =HOUR(G23-F23)+MINUTE(G23-F23)/60 -> 0 | K23: =HOUR(J23-I23)+MINUTE(J23-I23)/60 -> 0 | AI23: =IFERROR((AH23-AG23),"") -> 0 | AL23: =IFERROR((AK23-AJ23),"") -> 0 | AO23: =IFERROR((AN23-AM23),"") -> 0 | AR23: =IFERROR((AQ23-AP23),"") -> 0
H24: =HOUR(G24-F24)+MINUTE(G24-F24)/60 -> 0 | K24: =HOUR(J24-I24)+MINUTE(J24-I24)/60 -> 0 | AI24: =IFERROR((AH24-AG24),"") -> 0 | AL24: =IFERROR((AK24-AJ24),"") -> 0 | AO24: =IFERROR((AN24-AM24),"") -> 0 | AR24: =IFERROR((AQ24-AP24),"") -> 0
H25: =HOUR(G25-F25)+MINUTE(G25-F25)/60 -> 0 | K25: =HOUR(J25-I25)+MINUTE(J25-I25)/60 -> 0 | AI25: =IFERROR((AH25-AG25),"") -> 0 | AL25: =IFERROR((AK25-AJ25),"") -> 0 | AO25: =IFERROR((AN25-AM25),"") -> 0 | AR25: =IFERROR((AQ25-AP25),"") -> 0
H26: =HOUR(G26-F26)+MINUTE(G26-F26)/60 -> 0 | K26: =HOUR(J26-I26)+MINUTE(J26-I26)/60 -> 0 | AI26: =IFERROR((AH26-AG26),"") -> 0 | AL26: =IFERROR((AK26-AJ26),"") -> 0 | AO26: =IFERROR((AN26-AM26),"") -> 0 | AR26: =IFERROR((AQ26-AP26),"") -> 0
H27: =HOUR(G27-F27)+MINUTE(G27-F27)/60 -> 0 | K27: =HOUR(J27-I27)+MINUTE(J27-I27)/60 -> 0 | AI27: =IFERROR((AH27-AG27),"") -> 0 | AL27: =IFERROR((AK27-AJ27),"") -> 0 | AO27: =IFERROR((AN27-AM27),"") -> 0 | AR27: =IFERROR((AQ27-AP27),"") -> 0
H28: =HOUR(G28-F28)+MINUTE(G28-F28)/60 -> 0 | K28: =HOUR(J28-I28)+MINUTE(J28-I28)/60 -> 0 | AI28: =IFERROR((AH28-AG28),"") -> 0 | AL28: =IFERROR((AK28-AJ28),"") -> 0 | AO28: =IFERROR((AN28-AM28),"") -> 0 | AR28: =IFERROR((AQ28-AP28),"") -> 0
H29: =HOUR(G29-F29)+MINUTE(G29-F29)/60 -> 0 | K29: =HOUR(J29-I29)+MINUTE(J29-I29)/60 -> 0 | AI29: =IFERROR((AH29-AG29),"") -> 0 | AL29: =IFERROR((AK29-AJ29),"") -> 0 | AO29: =IFERROR((AN29-AM29),"") -> 0 | AR29: =IFERROR((AQ29-AP29),"") -> 0
H30: =HOUR(G30-F30)+MINUTE(G30-F30)/60 -> 0 | K30: =HOUR(J30-I30)+MINUTE(J30-I30)/60 -> 0 | AI30: =IFERROR((AH30-AG30),"") -> 0 | AL30: =IFERROR((AK30-AJ30),"") -> 0 | AO30: =IFERROR((AN30-AM30),"") -> 0 | AR30: =IFERROR((AQ30-AP30),"") -> 0
H31: =HOUR(G31-F31)+MINUTE(G31-F31)/60 -> 0 | K31: =HOUR(J31-I31)+MINUTE(J31-I31)/60 -> 0 | AI31: =IFERROR((AH31-AG31),"") -> 0 | AL31: =IFERROR((AK31-AJ31),"") -> 0 | AO31: =IFERROR((AN31-AM31),"") -> 0 | AR31: =IFERROR((AQ31-AP31),"") -> 0
... H43: =HOUR(G43-F43)+MINUTE(G43-F43)/60 -> 0 | K43: =HOUR(J43-I43)+MINUTE(J43-I43)/60 -> 0 | AI43: =IFERROR((AH43-AG43),"") -> 0 | AL43: =IFERROR((AK43-AJ43),"") -> 0 | AO43: =IFERROR((AN43-AM43),"") -> 0 | AR43: =IFERROR((AQ43-AP43),"") -> 0
A45: QT-NL-01/BM15…………
A46: Lần ban hành: …06…………
A47: Ngày hiệu lực: …01/10/2025… | I47: Người Báo Cáo :……………………………… | S47: Người Thẩm Tra :…………………………………….
B50: Tổng cộng (tấn) | E50: =SUM(E10:E43) -> 60 | F50: Tổng cộng (giờ) | H50: =SUM(H10:H43) -> 7 | I50: Tổng cộng (giờ) | K50: =SUM(K10:L43) -> 17 | Q50: (Ghi chú: Chất lượng cảm quan chọn: Đ/KĐ) | Y50: Sản phẩm chạy lại (tấn) | AC50: 2 | AG50: Tổng cộng (KW) | AI50: =SUM(AI10:AI43) -> 572 | AJ50: Tổng cộng (Kg) | AL50: =SUM(AL10:AL43) -> 103 | AM50: Tổng cộng (KW) | AO50: =SUM(AO10:AO43) -> 199 | AP50: Tổng cộng (KW) | AR50: =SUM(AR10:AR43) -> 372
H52: Tồn trước | K52: Tồn sau | R52: Tấn/ngày | T52: Tấn/giờ | W52: KWh ngày | Y52: KWh/tấn | AB52: Kg hơi/ngày | AH52: Kg hơi/tấn | AL52: Nhân viên vận hành | AP52: Người thẩm tra
A53: QT-NL-01/BM15 Lần ban hành: 02 Ngày ban hành: 15/07/2019 | G53: CORN | H53: =SUM('5'!K56:Q56) -> 183 | K53: =H53+R53 -> 243 | R53: =SUMIF($B$10:$B$43,G53,$E$10:$E$43) -> 60 | T53: =IFERROR(R53/SUMIF($B$10:$B$43,G53,$H$10:$H$43),"") -> 8.5714286 | W53: =SUMIF($B$10:$B$43,G53,$AI$10:$AI$43)+SUMIF($B$10:$B$43,G53,$AO$10:$AO$43)+SUMIF($B$10:$B$43,G53,$AR$10:$AR$43) -> 1143 | Y53: =IFERROR(W53/R53,"") -> 19.05 | AB53: =SUMIF($B$10:$B$43,G53,$AL$10:$AL$43) -> 103 | AH53: =IFERROR(AB53/R53,"") -> 1.7166667 | AL53: Ca 1 | AM53: quyết | AP53: lê văn lộc
G54: FFS | H54: =SUM('5'!K57:Q57) -> 160 | K54: =H54+R54 -> 160 | R54: =SUMIF($B$10:$B$43,G54,$E$10:$E$43) -> 0 | T54: =IFERROR(R54/SUMIF($B$10:$B$43,G54,$H$10:$H$43),"") | W54: =SUMIF($B$10:$B$43,G54,$AI$10:$AI$43)+SUMIF($B$10:$B$43,G54,$AO$10:$AO$43)+SUMIF($B$10:$B$43,G54,$AR$10:$AR$43) -> 0 | Y54: =IFERROR(W54/R54,"") | AB54: =SUMIF($B$10:$B$43,G54,$AL$10:$AL$43) -> 0 | AH54: =IFERROR(AB54/R54,"") | AL54: Ca 2 | AM54: tinh | AP54: Thẩm tra | AQ54: Ngày thẩm tra
G55: TỔNG | H55: =IFERROR(SUM(H53:J54),"") -> 343 | K55: =IFERROR(SUM(K53:Q54),"") -> 403 | R55: =IFERROR(SUM(R53:S54),"") -> 60 | T55: =IFERROR(AVERAGE(T53:U54),"") -> 8.5714286 | W55: =IFERROR(SUM(W53:X54),"") -> 1143 | Y55: =IFERROR(AVERAGE(Y53:AA54),"") -> 19.05 | AB55: =IFERROR(SUM(AB53:AG54),"") -> 103 | AH55: =IFERROR(AVERAGE(AH53:AI54),"") -> 1.7166667 | AL55: Ca 3 | AM55: thanh

Sheet 7
A1: CÔNG TY CỔ PHẦN CHĂN NUÔI C.P VIỆT NAM
A2: Chi Nhánh Tại Bình Dương
A3: Phòng Kho Nguyên Liệu
A4: BÁO CÁO VẬN HÀNH VÀ KIỂM SOÁT QUÁ TRÌNH HẤP NGUYÊN LIỆU
Z5: Ngày:.….07..…../….06…../…2026.…….
A6: Ca | B6: Nguyên liệu | C6: Từ bồn | D6: Đến bồn | E6: Sản lượng (tấn) | F6: Thời gian chạy | I6: Thời gian ngưng | M6: Lý do ngưng | Q6: KẾT QUẢ KIỂM TRA CHẤT LƯỢNG | Z6: Ampe máy hấp | AA6: % Feeder | AB6: Nhiệt độ hơi (°C) | AC6: Nhiệt độ máy | AG6: Điện sử dụng máy hấp | AJ6: Hơi nóng sử dụng | AM6: Điện sử dụng LINE | AP6: Điện sử dụng máy nghiền
F7: Bắt đầu | G7: Kết thúc | H7: Tổng cộng | I7: Bắt đầu | J7: Kết thúc | K7: Tổng cộng | M7: 1 | O7: 2 | Q7: Mẫu trước hấp | S7: Mẫu sau hấp | AC7: Conditioner | AD7: Extruder | AE7: Môi trường | AG7: Số đầu | AH7: Số cuối | AI7: KWh | AJ7: Số đầu | AK7: Số cuối | AL7: Kg hơi | AM7: Số đầu | AN7: Số cuối | AO7: KWh | AP7: Số đầu | AQ7: Số cuối | AR7: KWh
K8: 1 | L8: 2 | M8: Mã số | N8: Số lần | O8: Mã số | P8: Số lần | S8: Thời gian lấy mẫu | T8: Đậu nành | V8: Bắp | W8: %M | X8: Nhiệt độ Cooler | Y8: Người kiểm tra
T9: Chỉ số PS | U9: Chỉ số Trypsin | V9: Chỉ số Hydro
H10: =HOUR(G10-F10)+MINUTE(G10-F10)/60 -> 0 | K10: =HOUR(J10-I10)+MINUTE(J10-I10)/60 -> 0 | Q10: Đặc điểm về cảm quang: | AI10: =IFERROR((AH10-AG10),"") -> 0 | AL10: =IFERROR((AK10-AJ10),"") -> 0 | AO10: =IFERROR((AN10-AM10),"") -> 0 | AR10: =IFERROR((AQ10-AP10),"") -> 0
H11: =HOUR(G11-F11)+MINUTE(G11-F11)/60 -> 0 | K11: =HOUR(J11-I11)+MINUTE(J11-I11)/60 -> 0 | Q11: 1.Trong chuẩn | R11: v | AI11: =IFERROR((AH11-AG11),"") -> 0 | AL11: =IFERROR((AK11-AJ11),"") -> 0 | AO11: =IFERROR((AN11-AM11),"") -> 0 | AR11: =IFERROR((AQ11-AP11),"") -> 0
H12: =HOUR(G12-F12)+MINUTE(G12-F12)/60 -> 0 | K12: =HOUR(J12-I12)+MINUTE(J12-I12)/60 -> 0 | Q12: 2.Ngoài chuẩn | AI12: =IFERROR((AH12-AG12),"") -> 0 | AL12: =IFERROR((AK12-AJ12),"") -> 0 | AO12: =IFERROR((AN12-AM12),"") -> 0 | AR12: =IFERROR((AQ12-AP12),"") -> 0
H13: =HOUR(G13-F13)+MINUTE(G13-F13)/60 -> 0 | K13: =HOUR(J13-I13)+MINUTE(J13-I13)/60 -> 0 | Q13: 3.Loại Lưới : | R13: 2,5mm | AI13: =IFERROR((AH13-AG13),"") -> 0 | AL13: =IFERROR((AK13-AJ13),"") -> 0 | AO13: =IFERROR((AN13-AM13),"") -> 0 | AR13: =IFERROR((AQ13-AP13),"") -> 0
H14: =HOUR(G14-F14)+MINUTE(G14-F14)/60 -> 0 | K14: =HOUR(J14-I14)+MINUTE(J14-I14)/60 -> 0 | AI14: =IFERROR((AH14-AG14),"") -> 0 | AL14: =IFERROR((AK14-AJ14),"") -> 0 | AO14: =IFERROR((AN14-AM14),"") -> 0 | AR14: =IFERROR((AQ14-AP14),"") -> 0
H15: =HOUR(G15-F15)+MINUTE(G15-F15)/60 -> 0 | K15: =HOUR(J15-I15)+MINUTE(J15-I15)/60 -> 0 | AI15: =IFERROR((AH15-AG15),"") -> 0 | AL15: =IFERROR((AK15-AJ15),"") -> 0 | AO15: =IFERROR((AN15-AM15),"") -> 0 | AR15: =IFERROR((AQ15-AP15),"") -> 0
H16: =HOUR(G16-F16)+MINUTE(G16-F16)/60 -> 0 | K16: =HOUR(J16-I16)+MINUTE(J16-I16)/60 -> 0 | AI16: =IFERROR((AH16-AG16),"") -> 0 | AL16: =IFERROR((AK16-AJ16),"") -> 0 | AO16: =IFERROR((AN16-AM16),"") -> 0 | AR16: =IFERROR((AQ16-AP16),"") -> 0
H17: =HOUR(G17-F17)+MINUTE(G17-F17)/60 -> 0 | K17: =HOUR(J17-I17)+MINUTE(J17-I17)/60 -> 0 | AI17: =IFERROR((AH17-AG17),"") -> 0 | AL17: =IFERROR((AK17-AJ17),"") -> 0 | AO17: =IFERROR((AN17-AM17),"") -> 0 | AR17: =IFERROR((AQ17-AP17),"") -> 0
H18: =HOUR(G18-F18)+MINUTE(G18-F18)/60 -> 0 | K18: =HOUR(J18-I18)+MINUTE(J18-I18)/60 -> 0 | AI18: =IFERROR((AH18-AG18),"") -> 0 | AL18: =IFERROR((AK18-AJ18),"") -> 0 | AO18: =IFERROR((AN18-AM18),"") -> 0 | AR18: =IFERROR((AQ18-AP18),"") -> 0
H19: =HOUR(G19-F19)+MINUTE(G19-F19)/60 -> 0 | K19: =HOUR(J19-I19)+MINUTE(J19-I19)/60 -> 0 | AI19: =IFERROR((AH19-AG19),"") -> 0 | AL19: =IFERROR((AK19-AJ19),"") -> 0 | AO19: =IFERROR((AN19-AM19),"") -> 0 | AR19: =IFERROR((AQ19-AP19),"") -> 0
H20: =HOUR(G20-F20)+MINUTE(G20-F20)/60 -> 0 | K20: =HOUR(J20-I20)+MINUTE(J20-I20)/60 -> 0 | AI20: =IFERROR((AH20-AG20),"") -> 0 | AL20: =IFERROR((AK20-AJ20),"") -> 0 | AO20: =IFERROR((AN20-AM20),"") -> 0 | AR20: =IFERROR((AQ20-AP20),"") -> 0
H21: =HOUR(G21-F21)+MINUTE(G21-F21)/60 -> 0 | K21: =HOUR(J21-I21)+MINUTE(J21-I21)/60 -> 0 | AI21: =IFERROR((AH21-AG21),"") -> 0 | AL21: =IFERROR((AK21-AJ21),"") -> 0 | AO21: =IFERROR((AN21-AM21),"") -> 0 | AR21: =IFERROR((AQ21-AP21),"") -> 0
H22: =HOUR(G22-F22)+MINUTE(G22-F22)/60 -> 0 | K22: =HOUR(J22-I22)+MINUTE(J22-I22)/60 -> 0 | AI22: =IFERROR((AH22-AG22),"") -> 0 | AL22: =IFERROR((AK22-AJ22),"") -> 0 | AO22: =IFERROR((AN22-AM22),"") -> 0 | AR22: =IFERROR((AQ22-AP22),"") -> 0
H23: =HOUR(G23-F23)+MINUTE(G23-F23)/60 -> 0 | K23: =HOUR(J23-I23)+MINUTE(J23-I23)/60 -> 0 | AI23: =IFERROR((AH23-AG23),"") -> 0 | AL23: =IFERROR((AK23-AJ23),"") -> 0 | AO23: =IFERROR((AN23-AM23),"") -> 0 | AR23: =IFERROR((AQ23-AP23),"") -> 0
H24: =HOUR(G24-F24)+MINUTE(G24-F24)/60 -> 0 | K24: =HOUR(J24-I24)+MINUTE(J24-I24)/60 -> 0 | AI24: =IFERROR((AH24-AG24),"") -> 0 | AL24: =IFERROR((AK24-AJ24),"") -> 0 | AO24: =IFERROR((AN24-AM24),"") -> 0 | AR24: =IFERROR((AQ24-AP24),"") -> 0
H25: =HOUR(G25-F25)+MINUTE(G25-F25)/60 -> 0 | K25: =HOUR(J25-I25)+MINUTE(J25-I25)/60 -> 0 | AI25: =IFERROR((AH25-AG25),"") -> 0 | AL25: =IFERROR((AK25-AJ25),"") -> 0 | AO25: =IFERROR((AN25-AM25),"") -> 0 | AR25: =IFERROR((AQ25-AP25),"") -> 0
H26: =HOUR(G26-F26)+MINUTE(G26-F26)/60 -> 0 | K26: =HOUR(J26-I26)+MINUTE(J26-I26)/60 -> 0 | AI26: =IFERROR((AH26-AG26),"") -> 0 | AL26: =IFERROR((AK26-AJ26),"") -> 0 | AO26: =IFERROR((AN26-AM26),"") -> 0 | AR26: =IFERROR((AQ26-AP26),"") -> 0
H27: =HOUR(G27-F27)+MINUTE(G27-F27)/60 -> 0 | K27: =HOUR(J27-I27)+MINUTE(J27-I27)/60 -> 0 | AI27: =IFERROR((AH27-AG27),"") -> 0 | AL27: =IFERROR((AK28-AJ28),"") -> 0 | AO27: =IFERROR((AN27-AM27),"") -> 0 | AR27: =IFERROR((AQ27-AP27),"") -> 0
H28: =HOUR(G28-F28)+MINUTE(G28-F28)/60 -> 0 | K28: =HOUR(J28-I28)+MINUTE(J28-I28)/60 -> 0 | AI28: =IFERROR((AH28-AG28),"") -> 0 | AL28: =IFERROR((AK29-AJ29),"") -> 0 | AO28: =IFERROR((AN28-AM28),"") -> 0 | AR28: =IFERROR((AQ28-AP28),"") -> 0
H29: =HOUR(G29-F29)+MINUTE(G29-F29)/60 -> 0 | K29: =HOUR(J29-I29)+MINUTE(J29-I29)/60 -> 0 | AI29: =IFERROR((AH29-AG29),"") -> 0 | AL29: =IFERROR((AK30-AJ30),"") -> 0 | AO29: =IFERROR((AN29-AM29),"") -> 0 | AR29: =IFERROR((AQ29-AP29),"") -> 0
H30: =HOUR(G30-F30)+MINUTE(G30-F30)/60 -> 0 | K30: =HOUR(J30-I30)+MINUTE(J30-I30)/60 -> 0 | AI30: =IFERROR((AH30-AG30),"") -> 0 | AL30: =IFERROR((AK31-AJ31),"") -> 0 | AO30: =IFERROR((AN30-AM30),"") -> 0 | AR30: =IFERROR((AQ30-AP30),"") -> 0
H31: =HOUR(G31-F31)+MINUTE(G31-F31)/60 -> 0 | K31: =HOUR(J31-I31)+MINUTE(J31-I31)/60 -> 0 | AI31: =IFERROR((AH31-AG31),"") -> 0 | AL31: =IFERROR((AK32-AJ32),"") -> 0 | AO31: =IFERROR((AN31-AM31),"") -> 0 | AR31: =IFERROR((AQ31-AP31),"") -> 0
H32: =HOUR(G32-F32)+MINUTE(G32-F32)/60 -> 0 | K32: =HOUR(J32-I32)+MINUTE(J32-I32)/60 -> 0 | AI32: =IFERROR((AH32-AG32),"") -> 0 | AL32: =IFERROR((AK33-AJ33),"") -> 0 | AO32: =IFERROR((AN32-AM32),"") -> 0 | AR32: =IFERROR((AQ32-AP32),"") -> 0
H33: =HOUR(G33-F33)+MINUTE(G33-F33)/60 -> 0 | K33: =HOUR(J33-I33)+MINUTE(J33-I33)/60 -> 0 | AI33: =IFERROR((AH33-AG33),"") -> 0 | AL33: =IFERROR((AK34-AJ34),"") -> 0 | AO33: =IFERROR((AN33-AM33),"") -> 0 | AR33: =IFERROR((AQ33-AP33),"") -> 0
H34: =HOUR(G34-F34)+MINUTE(G34-F34)/60 -> 0 | K34: =HOUR(J34-I34)+MINUTE(J34-I34)/60 -> 0 | AI34: =IFERROR((AH34-AG34),"") -> 0 | AL34: =IFERROR((AK35-AJ35),"") -> 0 | AO34: =IFERROR((AN34-AM34),"") -> 0 | AR34: =IFERROR((AQ34-AP34),"") -> 0
H35: =HOUR(G35-F35)+MINUTE(G35-F35)/60 -> 0 | K35: =HOUR(J35-I35)+MINUTE(J35-I35)/60 -> 0 | AI35: =IFERROR((AH35-AG35),"") -> 0 | AL35: =IFERROR((AK36-AJ36),"") -> 0 | AO35: =IFERROR((AN35-AM35),"") -> 0 | AR35: =IFERROR((AQ35-AP35),"") -> 0
H36: =HOUR(G36-F36)+MINUTE(G36-F36)/60 -> 0 | K36: =HOUR(J36-I36)+MINUTE(J36-I36)/60 -> 0 | AI36: =IFERROR((AH36-AG36),"") -> 0 | AL36: =IFERROR((AK37-AJ37),"") -> 0 | AO36: =IFERROR((AN36-AM36),"") -> 0 | AR36: =IFERROR((AQ36-AP36),"") -> 0
H37: =HOUR(G37-F37)+MINUTE(G37-F37)/60 -> 0 | K37: =HOUR(J37-I37)+MINUTE(J37-I37)/60 -> 0 | AI37: =IFERROR((AH37-AG37),"") -> 0 | AL37: =IFERROR((AK38-AJ38),"") -> 0 | AO37: =IFERROR((AN37-AM37),"") -> 0 | AR37: =IFERROR((AQ37-AP37),"") -> 0
H38: =HOUR(G38-F38)+MINUTE(G38-F38)/60 -> 0 | K38: =HOUR(J38-I38)+MINUTE(J38-I38)/60 -> 0 | AI38: =IFERROR((AH38-AG38),"") -> 0 | AL38: =IFERROR((AK39-AJ39),"") -> 0 | AO38: =IFERROR((AN38-AM38),"") -> 0 | AR38: =IFERROR((AQ38-AP38),"") -> 0
... H43: =HOUR(G43-F43)+MINUTE(G43-F43)/60 -> 0 | K43: =HOUR(J43-I43)+MINUTE(J43-I43)/60 -> 0 | AI43: =IFERROR((AH43-AG43),"") -> 0 | AL43: =IFERROR((AK44-AJ44),"") -> 0 | AO43: =IFERROR((AN43-AM43),"") -> 0 | AR43: =IFERROR((AQ43-AP43),"") -> 0
H44: =HOUR(G44-F44)+MINUTE(G44-F44)/60 -> 0 | K44: =HOUR(J44-I44)+MINUTE(J44-I44)/60 -> 0 | AI44: =IFERROR((AH44-AG44),"") -> 0 | AL44: =IFERROR((AK51-AJ51),"") | AO44: =IFERROR((AN44-AM44),"") -> 0 | AR44: =IFERROR((AQ44-AP44),"") -> 0
A46: QT-NL-01/BM15…………
A47: Lần ban hành: …06…………
A48: Ngày hiệu lực: …01/10/2025… | I48: Người Báo Cáo :……………………………… | S48: Người Thẩm Tra :…………………………………….
B51: Tổng cộng (tấn) | E51: =SUM(E10:E44) -> 0 | F51: Tổng cộng (giờ) | H51: =SUM(H10:H44) -> 0 | I51: Tổng cộng (giờ) | K51: =SUM(K10:L44) -> 0 | Q51: (Ghi chú: Chất lượng cảm quan chọn: Đ/KĐ) | Y51: Sản phẩm chạy lại (tấn) | AG51: Tổng cộng (KW) | AI51: =SUM(AI10:AI44) -> 0 | AJ51: Tổng cộng (Kg) | AL51: =SUM(AL10:AL44) -> 0 | AM51: Tổng cộng (KW) | AO51: =SUM(AO10:AO44) -> 0 | AP51: Tổng cộng (KW) | AR51: =SUM(AR10:AR44) -> 0
H53: Tồn trước | K53: Tồn sau | R53: Tấn/ngày | T53: Tấn/giờ | W53: KWh ngày | Y53: KWh/tấn | AB53: Kg hơi/ngày | AH53: Kg hơi/tấn | AL53: Nhân viên vận hành | AP53: Người thẩm tra
A54: QT-NL-01/BM15 Lần ban hành: 02 Ngày ban hành: 15/07/2019 | G54: CORN | H54: =SUM('6'!K53:Q53) -> 243 | K54: =H54+R54 -> 243 | R54: =SUMIF($B$10:$B$44,G54,$E$10:$E$44) -> 0 | T54: =IFERROR(R54/SUMIF($B$10:$B$44,G54,$H$10:$H$44),"") | W54: =SUMIF($B$10:$B$44,G54,$AI$10:$AI$44)+SUMIF($B$10:$B$44,G54,$AO$10:$AO$44)+SUMIF($B$10:$B$44,G54,$AR$10:$AR$44) -> 0 | Y54: =IFERROR(W54/R54,"") | AB54: =SUMIF($B$10:$B$44,G54,$AL$10:$AL$43) -> 0 | AH54: =IFERROR(AB54/R54,"") | AL54: Ca 1 | AM54: tính | AP54: lê văn lộc
G55: FFS | H55: =SUM('6'!K54:Q54) -> 160 | K55: =H55+R55 -> 160 | R55: =SUMIF($B$10:$B$44,G55,$E$10:$E$44) -> 0 | T55: =IFERROR(R55/SUMIF($B$10:$B$44,G55,$H$10:$H$44),"") | W55: =SUMIF($B$10:$B$44,G55,$AI$10:$AI$44)+SUMIF($B$10:$B$44,G55,$AO$10:$AO$44)+SUMIF($B$10:$B$44,G55,$AR$10:$AR$44) -> 0 | Y55: =IFERROR(W55/R55,"") | AB55: =SUMIF($B$10:$B$44,G55,$AL$10:$AL$43) -> 0 | AH55: =IFERROR(AB55/R55,"") | AL55: Ca 2 | AM55: thanh | AP55: Thẩm tra | AQ55: Ngày thẩm tra
G56: TỔNG | H56: =IFERROR(SUM(H54:J55),"") -> 403 | K56: =IFERROR(SUM(K54:Q55),"") -> 403 | R56: =IFERROR(SUM(R54:S55),"") -> 0 | T56: =IFERROR(AVERAGE(T54:U55),"") | W56: =IFERROR(SUM(W54:X55),"") -> 0 | Y56: =IFERROR(AVERAGE(Y54:AA55),"") | AB56: =IFERROR(SUM(AB54:AG55),"") -> 0 | AH56: =IFERROR(AVERAGE(AH54:AI55),"") | AL56: Ca 3

Sheet 8
A1: CÔNG TY CỔ PHẦN CHĂN NUÔI C.P VIỆT NAM
A2: Chi Nhánh Tại Bình Dương
A3: Phòng Kho Nguyên Liệu
A4: BÁO CÁO VẬN HÀNH VÀ KIỂM SOÁT QUÁ TRÌNH HẤP NGUYÊN LIỆU
Z5: Ngày:.…..08.…../..06.../…2026….…….
A6: Ca | B6: Nguyên liệu | C6: Từ bồn | D6: Đến bồn | E6: Sản lượng (tấn) | F6: Thời gian chạy | I6: Thời gian ngưng | M6: Lý do ngưng | Q6: KẾT QUẢ KIỂM TRA CHẤT LƯỢNG | Z6: Ampe máy hấp | AA6: % Feeder | AB6: Nhiệt độ hơi (°C) | AC6: Nhiệt độ máy | AG6: Điện sử dụng máy hấp | AJ6: Hơi nóng sử dụng | AM6: Điện sử dụng LINE | AP6: Điện sử dụng máy nghiền
F7: Bắt đầu | G7: Kết thúc | H7: Tổng cộng | I7: Bắt đầu | J7: Kết thúc | K7: Tổng cộng | M7: 1 | O7: 2 | Q7: Mẫu trước hấp | S7: Mẫu sau hấp | AC7: Conditioner | AD7: Extruder | AE7: Môi trường | AG7: Số đầu | AH7: Số cuối | AI7: KWh | AJ7: Số đầu | AK7: Số cuối | AL7: Kg hơi | AM7: Số đầu | AN7: Số cuối | AO7: KWh | AP7: Số đầu | AQ7: Số cuối | AR7: KWh
K8: 1 | L8: 2 | M8: Mã số | N8: Số lần | O8: Mã số | P8: Số lần | S8: Thời gian lấy mẫu | T8: Đậu nành | V8: Bắp | W8: %M | X8: Nhiệt độ Cooler | Y8: Người kiểm tra
T9: Chỉ số PS | U9: Chỉ số Trypsin | V9: Chỉ số Hydro
A10: 1 | H10: =HOUR(G10-F10)+MINUTE(G10-F10)/60 -> 0 | I10: 0.25 | J10: 0.58333333 | K10: =HOUR(J10-I10)+MINUTE(J10-I10)/60 -> 8 | M10: 153 | N10: 1 | Q10: Đặc điểm về cảm quang: | AI10: =IFERROR((AH10-AG10),"") -> 0 | AL10: =IFERROR((AK10-AJ10),"") -> 0 | AO10: =IFERROR((AN10-AM10),"") -> 0 | AR10: =IFERROR((AQ10-AP10),"") -> 0
A11: 2 | B11: FFS | C11: 4 | D11: 39 | E11: 9 | F11: 0.58333333 | G11: 0.65625 | H11: =HOUR(G11-F11)+MINUTE(G11-F11)/60 -> 1.75 | I11: 0.65625 | J11: 0.83333333 | K11: =HOUR(J11-I11)+MINUTE(J11-I11)/60 -> 4.25 | M11: 153 | N11: 1 | Q11: 1.Trong chuẩn | R11: v | S11: 0.625 | T11: 80.02 | U11: 9.68 | W11: 10.8 | X11: 33 | Y11: quyết | Z11: 120 | AA11: 60 | AB11: 100 | AC11: 102 | AD11: 133 | AE11: 34 | AG11: 637236 | AH11: 637373 | AI11: =IFERROR((AH11-AG11),"") -> 137 | AJ11: 33566 | AK11: 34480 | AL11: =IFERROR((AK11-AJ11),"") -> 914 | AM11: 958608 | AN11: 958650 | AO11: =IFERROR((AN11-AM11),"") -> 42 | AP11: 367080 | AQ11: 367198 | AR11: =IFERROR((AQ11-AP11),"") -> 118
H12: =HOUR(G12-F12)+MINUTE(G12-F12)/60 -> 0 | K12: =HOUR(J12-I12)+MINUTE(J12-I12)/60 -> 0 | Q12: 2.Ngoài chuẩn | S12: 0.66666667 | T12: 79.25 | U12: 10.25 | W12: 10.9 | X12: 34 | Y12: quyết | Z12: 122 | AA12: 60 | AB12: 100 | AC12: 103 | AD12: 133 | AE12: 34 | AI12: =IFERROR((AH12-AG12),"") -> 0 | AL12: =IFERROR((AK12-AJ12),"") -> 0 | AO12: =IFERROR((AN12-AM12),"") -> 0 | AR12: =IFERROR((AQ12-AP12),"") -> 0
H13: =HOUR(G13-F13)+MINUTE(G13-F13)/60 -> 0 | K13: =HOUR(J13-I13)+MINUTE(J13-I13)/60 -> 0 | Q13: 3.Loại Lưới : | R13: 2,5mm | AI13: =IFERROR((AH13-AG13),"") -> 0 | AL13: =IFERROR((AK13-AJ13),"") -> 0 | AO13: =IFERROR((AN13-AM13),"") -> 0 | AR13: =IFERROR((AQ13-AP13),"") -> 0
H14: =HOUR(G14-F14)+MINUTE(G14-F14)/60 -> 0 | K14: =HOUR(J14-I14)+MINUTE(J14-I14)/60 -> 0 | Q14: Đặc điểm về cảm quang: | AI14: =IFERROR((AH14-AG14),"") -> 0 | AL14: =IFERROR((AK14-AJ14),"") -> 0 | AO14: =IFERROR((AN14-AM14),"") -> 0 | AR14: =IFERROR((AQ14-AP14),"") -> 0
A15: 2 | B15: CORN | C15: 1 | D15: 30 | E15: 18 | F15: 0.83333333 | G15: 0.91666667 | H15: =HOUR(G15-F15)+MINUTE(G15-F15)/60 -> 2 | I15: 0.91666667 | J15: 0.91666667 | K15: =HOUR(J15-I15)+MINUTE(J15-I15)/60 -> 0 | Q15: 1.Trong chuẩn | R15: v | S15: 0.875 | V15: 40.3 | W15: 12.5 | X15: 33 | Y15: thanh | Z15: 120 | AA15: 68 | AB15: 100 | AC15: 101 | AD15: 118 | AE15: 33 | AG15: 41544 | AH15: 41673 | AI15: =IFERROR((AH15-AG15),"") -> 129 | AJ15: 9209607 | AK15: 9210364 | AL15: =IFERROR((AK15-AJ15),"") -> 757 | AM15: 958650 | AN15: 958721 | AO15: =IFERROR((AN15-AM15),"") -> 71 | AP15: 367198 | AQ15: 367319 | AR15: =IFERROR((AQ15-AP15),"") -> 121
H16: =HOUR(G16-F16)+MINUTE(G16-F16)/60 -> 0 | K16: =HOUR(J16-I16)+MINUTE(J16-I16)/60 -> 0 | Q16: 2.Ngoài chuẩn | S16: 0.91666667 | V16: 41.2 | W16: 12.5 | X16: 33 | Y16: thanh | Z16: 125 | AA16: 68 | AB16: 100 | AC16: 101 | AD16: 119 | AE16: 33 | AI16: =IFERROR((AH16-AG16),"") -> 0 | AL16: =IFERROR((AK16-AJ16),"") -> 0 | AO16: =IFERROR((AN16-AM16),"") -> 0 | AR16: =IFERROR((AQ16-AP16),"") -> 0
H17: =HOUR(G17-F17)+MINUTE(G17-F17)/60 -> 0 | K17: =HOUR(J17-I17)+MINUTE(J17-I17)/60 -> 0 | Q17: 3.Loại Lưới : | R17: 3,0mm | AI17: =IFERROR((AH17-AG17),"") -> 0 | AL17: =IFERROR((AK17-AJ17),"") -> 0 | AO17: =IFERROR((AN17-AM17),"") -> 0 | AR17: =IFERROR((AQ17-AP17),"") -> 0
A18: 3 | B18: CORN | C18: 1 | D18: 30 | E18: 67 | F18: 0.91666667 | G18: 1.25 | H18: =HOUR(G18-F18)+MINUTE(G18-F18)/60 -> 8 | K18: =HOUR(J18-I18)+MINUTE(J18-I18)/60 -> 0 | Q18: 1.Trong chuẩn | R18: v | S18: 0.95833333 | V18: 41.6 | W18: 12.5 | X18: 33 | Y18: tính | Z18: 118 | AA18: 68 | AB18: 100 | AC18: 101 | AD18: 119 | AE18: 33 | AG18: 41673 | AH18: 42348 | AI18: =IFERROR((AH18-AG18),"") -> 675 | AJ18: 9210364 | AK18: 9215111 | AL18: =IFERROR((AK18-AJ18),"") -> 4747 | AM18: 958721 | AN18: 958932 | AO18: =IFERROR((AN18-AM18),"") -> 211 | AP18: 367319 | AQ18: 367876 | AR18: =IFERROR((AQ18-AP18),"") -> 557
H19: =HOUR(G19-F19)+MINUTE(G19-F19)/60 -> 0 | K19: =HOUR(J19-I19)+MINUTE(J19-I19)/60 -> 0 | Q19: 2.Ngoài chuẩn | S19: 0 | V19: 40.9 | W19: 12.5 | X19: 34 | Y19: tính | Z19: 126 | AA19: 68 | AB19: 100 | AC19: 102 | AD19: 120 | AE19: 34 | AI19: =IFERROR((AH19-AG19),"") -> 0 | AL19: =IFERROR((AK19-AJ19),"") -> 0 | AO19: =IFERROR((AN19-AM19),"") -> 0 | AR19: =IFERROR((AQ19-AP19),"") -> 0
H20: =HOUR(G20-F20)+MINUTE(G20-F20)/60 -> 0 | K20: =HOUR(J20-I20)+MINUTE(J20-I20)/60 -> 0 | Q20: 3.Loại Lưới : | R20: 3,0mm | S20: 0.041666667 | V20: 40.7 | W20: 12.5 | X20: 34 | Y20: tính | Z20: 127 | AA20: 68 | AB20: 100 | AC20: 102 | AD20: 118 | AE20: 33 | AI20: =IFERROR((AH20-AG20),"") -> 0 | AL20: =IFERROR((AK20-AJ20),"") -> 0 | AO20: =IFERROR((AN20-AM20),"") -> 0 | AR20: =IFERROR((AQ20-AP20),"") -> 0
H21: =HOUR(G21-F21)+MINUTE(G21-F21)/60 -> 0 | K21: =HOUR(J21-I21)+MINUTE(J21-I21)/60 -> 0 | S21: 0.083333333 | V21: 42.4 | W21: 12.5 | X21: 35 | Y21: tính | Z21: 115 | AA21: 68 | AB21: 100 | AC21: 101 | AD21: 118 | AE21: 33 | AI21: =IFERROR((AH21-AG21),"") -> 0 | AL21: =IFERROR((AK21-AJ21),"") -> 0 | AO21: =IFERROR((AN21-AM21),"") -> 0 | AR21: =IFERROR((AQ21-AP21),"") -> 0
H22: =HOUR(G22-F22)+MINUTE(G22-F22)/60 -> 0 | K22: =HOUR(J22-I22)+MINUTE(J22-I22)/60 -> 0 | S22: 0.125 | V22: 41.6 | W22: 12.5 | X22: 35 | Y22: tính | Z22: 132 | AA22: 68 | AB22: 100 | AC22: 103 | AD22: 120 | AE22: 32 | AI22: =IFERROR((AH22-AG22),"") -> 0 | AL22: =IFERROR((AK22-AJ22),"") -> 0 | AO22: =IFERROR((AN22-AM22),"") -> 0 | AR22: =IFERROR((AQ22-AP22),"") -> 0
H23: =HOUR(G23-F23)+MINUTE(G23-F23)/60 -> 0 | K23: =HOUR(J23-I23)+MINUTE(J23-I23)/60 -> 0 | S23: 0.16666667 | V23: 40.2 | W23: 12.5 | X23: 35 | Y23: tính | Z23: 124 | AA23: 68 | AB23: 100 | AC23: 102 | AD23: 120 | AE23: 32 | AI23: =IFERROR((AH23-AG23),"") -> 0 | AL23: =IFERROR((AK23-AJ23),"") -> 0 | AO23: =IFERROR((AN23-AM23),"") -> 0 | AR23: =IFERROR((AQ23-AP23),"") -> 0
H24: =HOUR(G24-F24)+MINUTE(G24-F24)/60 -> 0 | K24: =HOUR(J24-I24)+MINUTE(J24-I24)/60 -> 0 | S24: 0.20833333 | V24: 40.8 | W24: 12.5 | X24: 34 | Y24: tính | Z24: 128 | AA24: 68 | AB24: 100 | AC24: 103 | AD24: 119 | AE24: 31 | AI24: =IFERROR((AH24-AG24),"") -> 0 | AL24: =IFERROR((AK24-AJ24),"") -> 0 | AO24: =IFERROR((AN24-AM24),"") -> 0 | AR24: =IFERROR((AQ24-AP24),"") -> 0
H25: =HOUR(G25-F25)+MINUTE(G25-F25)/60 -> 0 | K25: =HOUR(J25-I25)+MINUTE(J25-I25)/60 -> 0 | S25: 0.25 | V25: 41.1 | W25: 12.5 | X25: 34 | Y25: tính | Z25: 119 | AA25: 68 | AB25: 100 | AC25: 102 | AD25: 119 | AE25: 31 | AI25: =IFERROR((AH25-AG25),"") -> 0 | AL25: =IFERROR((AK25-AJ25),"") -> 0 | AO25: =IFERROR((AN25-AM25),"") -> 0 | AR25: =IFERROR((AQ25-AP25),"") -> 0
H26: =HOUR(G26-F26)+MINUTE(G26-F26)/60 -> 0 | K26: =HOUR(J26-I26)+MINUTE(J26-I26)/60 -> 0 | AI26: =IFERROR((AH26-AG26),"") -> 0 | AL26: =IFERROR((AK26-AJ26),"") -> 0 | AO26: =IFERROR((AN26-AM26),"") -> 0 | AR26: =IFERROR((AQ26-AP26),"") -> 0
H27: =HOUR(G27-F27)+MINUTE(G27-F27)/60 -> 0 | K27: =HOUR(J27-I27)+MINUTE(J27-I27)/60 -> 0 | AI27: =IFERROR((AH27-AG27),"") -> 0 | AL27: =IFERROR((AK27-AJ27),"") -> 0 | AO27: =IFERROR((AN27-AM27),"") -> 0 | AR27: =IFERROR((AQ27-AP27),"") -> 0
H28: =HOUR(G28-F28)+MINUTE(G28-F28)/60 -> 0 | K28: =HOUR(J28-I28)+MINUTE(J28-I28)/60 -> 0 | AI28: =IFERROR((AH28-AG28),"") -> 0 | AL28: =IFERROR((AK28-AJ28),"") -> 0 | AO28: =IFERROR((AN28-AM28),"") -> 0 | AR28: =IFERROR((AQ28-AP28),"") -> 0
H29: =HOUR(G29-F29)+MINUTE(G29-F29)/60 -> 0 | K29: =HOUR(J29-I29)+MINUTE(J29-I29)/60 -> 0 | AI29: =IFERROR((AH29-AG29),"") -> 0 | AL29: =IFERROR((AK29-AJ29),"") -> 0 | AO29: =IFERROR((AN29-AM29),"") -> 0 | AR29: =IFERROR((AQ29-AP29),"") -> 0
H30: =HOUR(G30-F30)+MINUTE(G30-F30)/60 -> 0 | K30: =HOUR(J30-I30)+MINUTE(J30-I30)/60 -> 0 | AI30: =IFERROR((AH30-AG30),"") -> 0 | AL30: =IFERROR((AK30-AJ30),"") -> 0 | AO30: =IFERROR((AN30-AM30),"") -> 0 | AR30: =IFERROR((AQ30-AP30),"") -> 0
H31: =HOUR(G31-F31)+MINUTE(G31-F31)/60 -> 0 | K31: =HOUR(J31-I31)+MINUTE(J31-I31)/60 -> 0 | AI31: =IFERROR((AH31-AG31),"") -> 0 | AL31: =IFERROR((AK31-AJ31),"") -> 0 | AO31: =IFERROR((AN31-AM31),"") -> 0 | AR31: =IFERROR((AQ31-AP31),"") -> 0
H32: =HOUR(G32-F32)+MINUTE(G32-F32)/60 -> 0 | K32: =HOUR(J32-I32)+MINUTE(J32-I32)/60 -> 0 | AI32: =IFERROR((AH32-AG32),"") -> 0 | AL32: =IFERROR((AK32-AJ32),"") -> 0 | AO32: =IFERROR((AN32-AM32),"") -> 0 | AR32: =IFERROR((AQ32-AP32),"") -> 0
H33: =HOUR(G33-F33)+MINUTE(G33-F33)/60 -> 0 | K33: =HOUR(J33-I33)+MINUTE(J33-I33)/60 -> 0 | AI33: =IFERROR((AH33-AG33),"") -> 0 | AL33: =IFERROR((AK33-AJ33),"") -> 0 | AO33: =IFERROR((AN33-AM33),"") -> 0 | AR33: =IFERROR((AQ33-AP33),"") -> 0
H34: =HOUR(G34-F34)+MINUTE(G34-F34)/60 -> 0 | K34: =HOUR(J34-I34)+MINUTE(J34-I34)/60 -> 0 | AI34: =IFERROR((AH34-AG34),"") -> 0 | AL34: =IFERROR((AK34-AJ34),"") -> 0 | AO34: =IFERROR((AN34-AM34),"") -> 0 | AR34: =IFERROR((AQ34-AP34),"") -> 0
H35: =HOUR(G35-F35)+MINUTE(G35-F35)/60 -> 0 | K35: =HOUR(J35-I35)+MINUTE(J35-I35)/60 -> 0 | AI35: =IFERROR((AH35-AG35),"") -> 0 | AL35: =IFERROR((AK35-AJ35),"") -> 0 | AO35: =IFERROR((AN35-AM35),"") -> 0 | AR35: =IFERROR((AQ35-AP35),"") -> 0
H36: =HOUR(G36-F36)+MINUTE(G36-F36)/60 -> 0 | K36: =HOUR(J36-I36)+MINUTE(J36-I36)/60 -> 0 | AI36: =IFERROR((AH36-AG36),"") -> 0 | AL36: =IFERROR((AK36-AJ36),"") -> 0 | AO36: =IFERROR((AN36-AM36),"") -> 0 | AR36: =IFERROR((AQ36-AP36),"") -> 0
H37: =HOUR(G37-F37)+MINUTE(G37-F37)/60 -> 0 | K37: =HOUR(J37-I37)+MINUTE(J37-I37)/60 -> 0 | AI37: =IFERROR((AH37-AG37),"") -> 0 | AL37: =IFERROR((AK37-AJ37),"") -> 0 | AO37: =IFERROR((AN37-AM37),"") -> 0 | AR37: =IFERROR((AQ37-AP37),"") -> 0
... H43: =HOUR(G43-F43)+MINUTE(G43-F43)/60 -> 0 | K43: =HOUR(J43-I43)+MINUTE(J43-I43)/60 -> 0 | AI43: =IFERROR((AH43-AG43),"") -> 0 | AL43: =IFERROR((AK43-AJ43),"") -> 0 | AO43: =IFERROR((AN43-AM43),"") -> 0 | AR43: =IFERROR((AQ43-AP43),"") -> 0
B44: Tổng cộng (tấn) | E44: =SUM(E10:E43) -> 94 | F44: Tổng cộng (giờ) | H44: =SUM(H10:H43) -> 11.75 | I44: Tổng cộng (giờ) | K44: =SUM(K10:L43) -> 12.25 | Q44: (Ghi chú: Chất lượng cảm quan chọn: Đ/KĐ) | Y44: Sản phẩm chạy lại (tấn) | AG44: Tổng cộng (KW) | AI44: =SUM(AI10:AI43) -> 941 | AJ44: Tổng cộng (Kg) | AL44: =SUM(AL10:AL43) -> 6418 | AM44: Tổng cộng (KW) | AO44: =SUM(AO10:AO43) -> 324 | AP44: Tổng cộng (KW) | AR44: =SUM(AR10:AR43) -> 796
A46: QT-NL-01/BM15…………
A47: Lần ban hành: …06…………
A48: Ngày hiệu lực: …01/10/2025… | I48: Người Báo Cáo :……………………………… | S48: Người Thẩm Tra :…………………………………….
H52: Tồn trước | K52: Tồn sau | R52: Tấn/ngày | T52: Tấn/giờ | W52: KWh ngày | Y52: KWh/tấn | AB52: Kg hơi/ngày | AH52: Kg hơi/tấn | AL52: Nhân viên vận hành | AP52: Người thẩm tra
A53: QT-NL-01/BM15 Lần ban hành: 02 Ngày ban hành: 15/07/2019 | G53: CORN | H53: =SUM('7'!K54:Q54) -> 243 | K53: =H53+R53 -> 328 | R53: =SUMIF($B$10:$B$43,G53,$E$10:$E$43) -> 85 | T53: =IFERROR(R53/SUMIF($B$10:$B$43,G53,$H$10:$H$43),"") -> 8.5 | W53: =SUMIF($B$10:$B$43,G53,$AI$10:$AI$43)+SUMIF($B$10:$B$43,G53,$AO$10:$AO$43)+SUMIF($B$10:$B$43,G53,$AR$10:$AR$43) -> 1764 | Y53: =IFERROR(W53/R53,"") -> 20.752941 | AB53: =SUMIF($B$10:$B$43,G53,$AL$10:$AL$43) -> 5504 | AH53: =IFERROR(AB53/R53,"") -> 64.752941 | AL53: Ca 1 | AM53: quyết | AP53: lê văn lộc
G54: FFS | H54: =SUM('7'!K55:Q55) -> 160 | K54: =H54+R54 -> 169 | R54: =SUMIF($B$10:$B$43,G54,$E$10:$E$43) -> 9 | T54: =IFERROR(R54/SUMIF($B$10:$B$43,G54,$H$10:$H$43),"") -> 5.1428571 | W54: =SUMIF($B$10:$B$43,G54,$AI$10:$AI$43)+SUMIF($B$10:$B$43,G54,$AO$10:$AO$43)+SUMIF($B$10:$B$43,G54,$AR$10:$AR$43) -> 297 | Y54: =IFERROR(W54/R54,"") -> 33 | AB54: =SUMIF($B$10:$B$43,G54,$AL$10:$AL$43) -> 914 | AH54: =IFERROR(AB54/R54,"") -> 101.55556 | AL54: Ca 2 | AM54: thanh | AP54: Thẩm tra | AQ54: Ngày thẩm tra
G55: TỔNG | H55: =IFERROR(SUM(H53:J54),"") -> 403 | K55: =IFERROR(SUM(K53:Q54),"") -> 497 | R55: =IFERROR(SUM(R53:S54),"") -> 94 | T55: =IFERROR(AVERAGE(T53:U54),"") -> 6.8214286 | W55: =IFERROR(SUM(W53:X54),"") -> 2061 | Y55: =IFERROR(AVERAGE(Y53:AA54),"") -> 26.876471 | AB55: =IFERROR(SUM(AB53:AG54),"") -> 6418 | AH55: =IFERROR(AVERAGE(AH53:AI54),"") -> 83.154248 | AL55: Ca 3 | AM55: tính

Sheet 9
A1: CÔNG TY CỔ PHẦN CHĂN NUÔI C.P VIỆT NAM
A2: Chi Nhánh Tại Bình Dương
A3: Phòng Kho Nguyên Liệu
A4: BÁO CÁO VẬN HÀNH VÀ KIỂM SOÁT QUÁ TRÌNH HẤP NGUYÊN LIỆU
Z5: Ngày:.……09…../…06….../……2026…….
A6: Ca | B6: Nguyên liệu | C6: Từ bồn | D6: Đến bồn | E6: Sản lượng (tấn) | F6: Thời gian chạy | I6: Thời gian ngưng | M6: Lý do ngưng | Q6: KẾT QUẢ KIỂM TRA CHẤT LƯỢNG | Z6: Ampe máy hấp | AA6: % Feeder | AB6: Nhiệt độ hơi (°C) | AC6: Nhiệt độ máy | AG6: Điện sử dụng máy hấp | AJ6: Hơi nóng sử dụng | AM6: Điện sử dụng LINE | AP6: Điện sử dụng máy nghiền
F7: Bắt đầu | G7: Kết thúc | H7: Tổng cộng | I7: Bắt đầu | J7: Kết thúc | K7: Tổng cộng | M7: 1 | O7: 2 | Q7: Mẫu trước hấp | S7: Mẫu sau hấp | AC7: Conditioner | AD7: Extruder | AE7: Môi trường | AG7: Số đầu | AH7: Số cuối | AI7: KWh | AJ7: Số đầu | AK7: Số cuối | AL7: Kg hơi | AM7: Số đầu | AN7: Số cuối | AO7: KWh | AP7: Số đầu | AQ7: Số cuối | AR7: KWh
K8: 1 | L8: 2 | M8: Mã số | N8: Số lần | O8: Mã số | P8: Số lần | S8: Thời gian lấy mẫu | T8: Đậu nành | V8: Bắp | W8: %M | X8: Nhiệt độ Cooler | Y8: Người kiểm tra
T9: Chỉ số PS | U9: Chỉ số Trypsin | V9: Chỉ số Hydro
H10: =HOUR(G10-F10)+MINUTE(G10-F10)/60 -> 0 | K10: =HOUR(J10-I10)+MINUTE(J10-I10)/60 -> 0 | Q10: Đặc điểm về cảm quang: | AI10: =IFERROR((AH10-AG10),"") -> 0 | AL10: =IFERROR((AK10-AJ10),"") -> 0 | AO10: =IFERROR((AN10-AM10),"") -> 0 | AR10: =IFERROR((AQ10-AP10),"") -> 0
A11: 1 | B11: CORN | C11: 1 | D11: 30 | E11: 24 | F11: 0.25 | G11: 0.375 | H11: =HOUR(G11-F11)+MINUTE(G11-F11)/60 -> 3 | I11: 0.375 | J11: 0.47916667 | K11: =HOUR(J11-I11)+MINUTE(J11-I11)/60 -> 2.5 | M11: 153 | N11: 1 | Q11: 1.Trong chuẩn | R11: v | S11: 0.25 | V11: 40.12 | W11: 12.5 | X11: 33 | Y11: thanh | Z11: 123 | AA11: 68 | AB11: 100 | AC11: 101 | AD11: 119 | AE11: 31 | AG11: 42348 | AH11: 42606 | AI11: =IFERROR((AH11-AG11),"") -> 258 | AJ11: 9215111 | AK11: 9217308 | AL11: =IFERROR((AK11-AJ11),"") -> 2197 | AM11: 958932 | AN11: 959013 | AO11: =IFERROR((AN11-AM11),"") -> 81 | AP11: 367876 | AQ11: 368087 | AR11: =IFERROR((AQ11-AP11),"") -> 211
H12: =HOUR(G12-F12)+MINUTE(G12-F12)/60 -> 0 | K12: =HOUR(J12-I12)+MINUTE(J12-I12)/60 -> 0 | Q12: 2.Ngoài chuẩn | S12: 0.29166667 | V12: 40.02 | W12: 12.5 | X12: 34 | Y12: thanh | Z12: 125 | AA12: 68 | AB12: 100 | AC12: 101 | AD12: 120 | AE12: 32 | AI12: =IFERROR((AH12-AG12),"") -> 0 | AL12: =IFERROR((AK12-AJ12),"") -> 0 | AO12: =IFERROR((AN12-AM12),"") -> 0 | AR12: =IFERROR((AQ12-AP12),"") -> 0
H13: =HOUR(G13-F13)+MINUTE(G13-F13)/60 -> 0 | K13: =HOUR(J13-I13)+MINUTE(J13-I13)/60 -> 0 | Q13: 3.Loại Lưới : | R13: 3,0mm | S13: 0.33333333 | V13: 40.13 | W13: 12.5 | X13: 34 | Y13: thanh | Z13: 127 | AA13: 68 | AB13: 100 | AC13: 102 | AD13: 120 | AE13: 33 | AI13: =IFERROR((AH13-AG13),"") -> 0 | AL13: =IFERROR((AK13-AJ13),"") -> 0 | AO13: =IFERROR((AN13-AM13),"") -> 0 | AR13: =IFERROR((AQ13-AP13),"") -> 0
H14: =HOUR(G14-F14)+MINUTE(G14-F14)/60 -> 0 | K14: =HOUR(J14-I14)+MINUTE(J14-I14)/60 -> 0 | S14: 0.375 | V14: 40.21 | W14: 12.5 | X14: 33 | Y14: thanh | Z14: 119 | AA14: 68 | AB14: 100 | AC14: 101 | AD14: 119 | AE14: 33 | AI14: =IFERROR((AH14-AG14),"") -> 0 | AL14: =IFERROR((AK14-AJ14),"") -> 0 | AO14: =IFERROR((AN14-AM14),"") -> 0 | AR14: =IFERROR((AQ14-AP14),"") -> 0
A15: 1 | B15: FFS | C15: 4 | D15: 39 | E15: 12 | F15: 0.47916667 | G15: 0.58333333 | H15: =HOUR(G15-F15)+MINUTE(G15-F15)/60 -> 2.5 | K15: =HOUR(J15-I15)+MINUTE(J15-I15)/60 -> 0 | Q15: 1.Trong chuẩn | R15: v | S15: 0.5 | T15: 79.55 | U15: 9.34 | W15: 10.9 | X15: 33 | Y15: quyết | Z15: 113 | AA15: 60 | AB15: 100 | AC15: 101 | AD15: 133 | AE15: 32 | AG15: 637373 | AH15: 637515 | AI15: =IFERROR((AH15-AG15),"") -> 142 | AJ15: 34480 | AK15: 35671 | AL15: =IFERROR((AK15-AJ15),"") -> 1191 | AM15: 959013 | AN15: 959087 | AO15: =IFERROR((AN15-AM15),"") -> 74 | AP15: 368087 | AQ15: 368266 | AR15: =IFERROR((AQ15-AP15),"") -> 179
H16: =HOUR(G16-F16)+MINUTE(G16-F16)/60 -> 0 | K16: =HOUR(J16-I16)+MINUTE(J16-I16)/60 -> 0 | Q16: 2.Ngoài chuẩn | S16: 0.54166667 | T16: 79.64 | U16: 9.11 | W16: 10.9 | X16: 33 | Y16: quyết | Z16: 109 | AA16: 60 | AB16: 100 | AC16: 101 | AD16: 133 | AE16: 32 | AI16: =IFERROR((AH16-AG16),"") -> 0 | AL16: =IFERROR((AK16-AJ16),"") -> 0 | AO16: =IFERROR((AN16-AM16),"") -> 0 | AR16: =IFERROR((AQ16-AP16),"") -> 0
H17: =HOUR(G17-F17)+MINUTE(G17-F17)/60 -> 0 | K17: =HOUR(J17-I17)+MINUTE(J17-I17)/60 -> 0 | Q17: 3.Loại Lưới : | R17: 2,5mm | AI17: =IFERROR((AH17-AG17),"") -> 0 | AL17: =IFERROR((AK17-AJ17),"") -> 0 | AO17: =IFERROR((AN17-AM17),"") -> 0 | AR17: =IFERROR((AQ17-AP17),"") -> 0
A18: 2 | B18: FFS | C18: 4 | D18: 39 | E18: 13 | F18: 0.58333333 | G18: 0.6875 | H18: =HOUR(G18-F18)+MINUTE(G18-F18)/60 -> 2.5 | I18: 0.6875 | J18: 0.91666667 | K18: =HOUR(J18-I18)+MINUTE(J18-I18)/60 -> 5.5 | M18: 153 | N18: 1 | Q18: 1.Trong chuẩn | R18: v | S18: 0.58333333 | T18: 79.4 | U18: 9.78 | W18: 10.8 | X18: 34 | Y18: quyết | Z18: 116 | AA18: 63 | AB18: 100 | AC18: 102 | AD18: 133 | AE18: 33 | AG18: 637515 | AH18: 637664 | AI18: =IFERROR((AH18-AG18),"") -> 149 | AJ18: 35671 | AK18: 37082 | AL18: =IFERROR((AK18-AJ18),"") -> 1411 | AM18: 959087 | AN18: 959161 | AO18: =IFERROR((AN18-AM18),"") -> 74 | AP18: 368266 | AQ18: 368465 | AR18: =IFERROR((AQ18-AP18),"") -> 199
H19: =HOUR(G19-F19)+MINUTE(G19-F19)/60 -> 0 | K19: =HOUR(J19-I19)+MINUTE(J19-I19)/60 -> 0 | Q19: 2.Ngoài chuẩn | S19: 0.625 | T19: 79.45 | U19: 8.8 | W19: 10.8 | X19: 35 | Y19: quyết | Z19: 114 | AA19: 63 | AB19: 100 | AC19: 101 | AD19: 134 | AE19: 33 | AI19: =IFERROR((AH19-AG19),"") -> 0 | AL19: =IFERROR((AK19-AJ19),"") -> 0 | AO19: =IFERROR((AN19-AM19),"") -> 0 | AR19: =IFERROR((AQ19-AP19),"") -> 0
H20: =HOUR(G20-F20)+MINUTE(G20-F20)/60 -> 0 | K20: =HOUR(J20-I20)+MINUTE(J20-I20)/60 -> 0 | Q20: 3.Loại Lưới : | R20: 2,5mm | S20: 0.66666667 | T20: 78.9 | U20: 9.1 | W20: 10.8 | X20: 34 | Y20: quyết | Z20: 110 | AA20: 63 | AB20: 100 | AC20: 101 | AD20: 134 | AE20: 33 | AI20: =IFERROR((AH20-AG20),"") -> 0 | AL20: =IFERROR((AK20-AJ20),"") -> 0 | AO20: =IFERROR((AN20-AM20),"") -> 0 | AR20: =IFERROR((AQ20-AP20),"") -> 0
A21: 3 | B21: CORN | C21: 1 | D21: 30 | E21: 56 | F21: 0.91666667 | G21: 1.2083333 | H21: =HOUR(G21-F21)+MINUTE(G21-F21)/60 -> 7 | I21: 0.20833333 | J21: 0.25 | K21: =HOUR(J21-I21)+MINUTE(J21-I21)/60 -> 1 | M21: 153 | N21: 1 | Q21: 1.Trong chuẩn | R21: v | S21: 0.95833333 | V21: 40.6 | W21: 12.5 | X21: 33 | Y21: tính | Z21: 134 | AA21: 68 | AB21: 100 | AC21: 101 | AD21: 118 | AE21: 33 | AG21: 42606 | AH21: 43212 | AI21: =IFERROR((AH21-AG21),"") -> 606 | AJ21: 9220153 | AK21: 9224164 | AL21: =IFERROR((AK21-AJ21),"") -> 4011 | AM21: 959161 | AN21: 959360 | AO21: =IFERROR((AN21-AM21),"") -> 199 | AP21: 368465 | AQ21: 368941 | AR21: =IFERROR((AQ21-AP21),"") -> 476
H22: =HOUR(G22-F22)+MINUTE(G22-F22)/60 -> 0 | K22: =HOUR(J22-I22)+MINUTE(J22-I22)/60 -> 0 | Q22: 2.Ngoài chuẩn | S22: 0 | V22: 41.7 | W22: 12.5 | X22: 34 | Y22: tính | Z22: 128 | AA22: 68 | AB22: 100 | AC22: 101 | AD22: 118 | AE22: 33 | AI22: =IFERROR((AH22-AG22),"") -> 0 | AL22: =IFERROR((AK22-AJ22),"") -> 0 | AO22: =IFERROR((AN22-AM22),"") -> 0 | AR22: =IFERROR((AQ22-AP22),"") -> 0
H23: =HOUR(G23-F23)+MINUTE(G23-F23)/60 -> 0 | K23: =HOUR(J23-I23)+MINUTE(J23-I23)/60 -> 0 | Q23: 3.Loại Lưới : | R23: 3,0mm | S23: 0.041666667 | V23: 41.2 | W23: 12.5 | X23: 34 | Y23: tính | Z23: 129 | AA23: 68 | AB23: 100 | AC23: 102 | AD23: 120 | AE23: 33 | AI23: =IFERROR((AH23-AG23),"") -> 0 | AL23: =IFERROR((AK23-AJ23),"") -> 0 | AO23: =IFERROR((AN23-AM23),"") -> 0 | AR23: =IFERROR((AQ23-AP23),"") -> 0
H24: =HOUR(G24-F24)+MINUTE(G24-F24)/60 -> 0 | K24: =HOUR(J24-I24)+MINUTE(J24-I24)/60 -> 0 | S24: 0.083333333 | V24: 40.5 | W24: 12.5 | X24: 35 | Y24: tính | Z24: 124 | AA24: 68 | AB24: 100 | AC24: 102 | AD24: 119 | AE24: 32 | AI24: =IFERROR((AH24-AG24),"") -> 0 | AL24: =IFERROR((AK24-AJ24),"") -> 0 | AO24: =IFERROR((AN24-AM24),"") -> 0 | AR24: =IFERROR((AQ24-AP24),"") -> 0
H25: =HOUR(G25-F25)+MINUTE(G25-F25)/60 -> 0 | K25: =HOUR(J25-I25)+MINUTE(J25-I25)/60 -> 0 | S25: 0.125 | V25: 40.9 | W25: 12.5 | X25: 35 | Y25: tính | Z25: 129 | AA25: 68 | AB25: 100 | AC25: 101 | AD25: 119 | AE25: 32 | AI25: =IFERROR((AH25-AG25),"") -> 0 | AL25: =IFERROR((AK25-AJ25),"") -> 0 | AO25: =IFERROR((AN25-AM25),"") -> 0 | AR25: =IFERROR((AQ25-AP25),"") -> 0
H26: =HOUR(G26-F26)+MINUTE(G26-F26)/60 -> 0 | K26: =HOUR(J26-I26)+MINUTE(J26-I26)/60 -> 0 | S26: 0.16666667 | V26: 42.1 | W26: 12.5 | X26: 34 | Y26: tính | Z26: 135 | AA26: 68 | AB26: 100 | AC26: 102 | AD26: 120 | AE26: 31 | AI26: =IFERROR((AH26-AG26),"") -> 0 | AL26: =IFERROR((AK26-AJ26),"") -> 0 | AO26: =IFERROR((AN26-AM26),"") -> 0 | AR26: =IFERROR((AQ26-AP26),"") -> 0
H27: =HOUR(G27-F27)+MINUTE(G27-F27)/60 -> 0 | K27: =HOUR(J27-I27)+MINUTE(J27-I27)/60 -> 0 | S27: 0.20833333 | V27: 40.5 | W27: 12.5 | X27: 35 | Y27: tính | Z27: 130 | AA27: 68 | AB27: 100 | AC27: 101 | AD27: 118 | AE27: 31 | AI27: =IFERROR((AH27-AG27),"") -> 0 | AL27: =IFERROR((AK27-AJ27),"") -> 0 | AO27: =IFERROR((AN27-AM27),"") -> 0 | AR27: =IFERROR((AQ27-AP27),"") -> 0
H28: =HOUR(G28-F28)+MINUTE(G28-F28)/60 -> 0 | K28: =HOUR(J28-I28)+MINUTE(J28-I28)/60 -> 0 | AI28: =IFERROR((AH28-AG28),"") -> 0 | AL28: =IFERROR((AK28-AJ28),"") -> 0 | AO28: =IFERROR((AN28-AM28),"") -> 0 | AR28: =IFERROR((AQ28-AP28),"") -> 0
H29: =HOUR(G29-F29)+MINUTE(G29-F29)/60 -> 0 | K29: =HOUR(J29-I29)+MINUTE(J29-I29)/60 -> 0 | AI29: =IFERROR((AH29-AG29),"") -> 0 | AL29: =IFERROR((AK29-AJ29),"") -> 0 | AO29: =IFERROR((AN29-AM29),"") -> 0 | AR29: =IFERROR((AQ29-AP29),"") -> 0
H30: =HOUR(G30-F30)+MINUTE(G30-F30)/60 -> 0 | K30: =HOUR(J30-I30)+MINUTE(J30-I30)/60 -> 0 | AI30: =IFERROR((AH30-AG30),"") -> 0 | AL30: =IFERROR((AK30-AJ30),"") -> 0 | AO30: =IFERROR((AN30-AM30),"") -> 0 | AR30: =IFERROR((AQ30-AP30),"") -> 0
H31: =HOUR(G31-F31)+MINUTE(G31-F31)/60 -> 0 | K31: =HOUR(J31-I31)+MINUTE(J31-I31)/60 -> 0 | AI31: =IFERROR((AH31-AG31),"") -> 0 | AL31: =IFERROR((AK31-AJ31),"") -> 0 | AO31: =IFERROR((AN31-AM31),"") -> 0 | AR31: =IFERROR((AQ31-AP31),"") -> 0
H32: =HOUR(G32-F32)+MINUTE(G32-F32)/60 -> 0 | K32: =HOUR(J32-I32)+MINUTE(J32-I32)/60 -> 0 | AI32: =IFERROR((AH32-AG32),"") -> 0 | AL32: =IFERROR((AK32-AJ32),"") -> 0 | AO32: =IFERROR((AN32-AM32),"") -> 0 | AR32: =IFERROR((AQ32-AP32),"") -> 0
H33: =HOUR(G33-F33)+MINUTE(G33-F33)/60 -> 0 | K33: =HOUR(J33-I33)+MINUTE(J33-I33)/60 -> 0 | AI33: =IFERROR((AH33-AG33),"") -> 0 | AL33: =IFERROR((AK33-AJ33),"") -> 0 | AO33: =IFERROR((AN33-AM33),"") -> 0 | AR33: =IFERROR((AQ33-AP33),"") -> 0
H34: =HOUR(G34-F34)+MINUTE(G34-F34)/60 -> 0 | K34: =HOUR(J34-I34)+MINUTE(J34-I34)/60 -> 0 | AI34: =IFERROR((AH34-AG34),"") -> 0 | AL34: =IFERROR((AK34-AJ34),"") -> 0 | AO34: =IFERROR((AN34-AM34),"") -> 0 | AR34: =IFERROR((AQ34-AP34),"") -> 0
H35: =HOUR(G35-F35)+MINUTE(G35-F35)/60 -> 0 | K35: =HOUR(J35-I35)+MINUTE(J35-I35)/60 -> 0 | AI35: =IFERROR((AH35-AG35),"") -> 0 | AL35: =IFERROR((AK35-AJ35),"") -> 0 | AO35: =IFERROR((AN35-AM35),"") -> 0 | AR35: =IFERROR((AQ35-AP35),"") -> 0
H36: =HOUR(G36-F36)+MINUTE(G36-F36)/60 -> 0 | K36: =HOUR(J36-I36)+MINUTE(J36-I36)/60 -> 0 | AI36: =IFERROR((AH36-AG36),"") -> 0 | AL36: =IFERROR((AK36-AJ36),"") -> 0 | AO36: =IFERROR((AN36-AM36),"") -> 0 | AR36: =IFERROR((AQ36-AP36),"") -> 0
H37: =HOUR(G37-F37)+MINUTE(G37-F37)/60 -> 0 | K37: =HOUR(J37-I37)+MINUTE(J37-I37)/60 -> 0 | AI37: =IFERROR((AH37-AG37),"") -> 0 | AL37: =IFERROR((AK37-AJ37),"") -> 0 | AO37: =IFERROR((AN37-AM37),"") -> 0 | AR37: =IFERROR((AQ37-AP37),"") -> 0
H38: =HOUR(G38-F38)+MINUTE(G38-F38)/60 -> 0 | K38: =HOUR(J38-I38)+MINUTE(J38-I38)/60 -> 0 | AI38: =IFERROR((AH38-AG38),"") -> 0 | AL38: =IFERROR((AK38-AJ38),"") -> 0 | AO38: =IFERROR((AN38-AM38),"") -> 0 | AR38: =IFERROR((AQ38-AP38),"") -> 0
H39: =HOUR(G39-F39)+MINUTE(G39-F39)/60 -> 0 | K39: =HOUR(J39-I39)+MINUTE(J39-I39)/60 -> 0 | AI39: =IFERROR((AH39-AG39),"") -> 0 | AL39: =IFERROR((AK39-AJ39),"") -> 0 | AO39: =IFERROR((AN39-AM39),"") -> 0 | AR39: =IFERROR((AQ39-AP39),"") -> 0
... H44: =HOUR(G44-F44)+MINUTE(G44-F44)/60 -> 0 | K44: =HOUR(J44-I44)+MINUTE(J44-I44)/60 -> 0 | AI44: =IFERROR((AH44-AG44),"") -> 0 | AL44: =IFERROR((AK44-AJ44),"") -> 0 | AO44: =IFERROR((AN44-AM44),"") -> 0 | AR44: =IFERROR((AQ44-AP44),"") -> 0
A46: QT-NL-01/BM15…………
A47: Lần ban hành: …06…………
A48: Ngày hiệu lực: …01/10/2025… | I48: Người Báo Cáo :……………………………… | S48: Người Thẩm Tra :…………………………………….
H51: =HOUR(G51-F51)+MINUTE(G51-F51)/60 -> 0 | K51: =HOUR(J51-I51)+MINUTE(J51-I51)/60 -> 0 | AI51: =IFERROR((AH51-AG51),"") -> 0 | AL51: =IFERROR((AK51-AJ51),"") -> 0 | AO51: =IFERROR((AN51-AM51),"") -> 0 | AR51: =IFERROR((AQ51-AP51),"") -> 0
B52: Tổng cộng (tấn) | E52: =SUM(E10:E51) -> 105 | F52: Tổng cộng (giờ) | H52: =SUM(H10:H51) -> 15 | I52: Tổng cộng (giờ) | K52: =SUM(K10:L51) -> 9 | Q52: (Ghi chú: Chất lượng cảm quan chọn: Đ/KĐ) | Y52: Sản phẩm chạy lại (tấn) | AG52: Tổng cộng (KW) | AI52: =SUM(AI10:AI51) -> 1155 | AJ52: Tổng cộng (Kg) | AL52: =SUM(AL10:AL51) -> 8810 | AM52: Tổng cộng (KW) | AO52: =SUM(AO10:AO51) -> 428 | AP52: Tổng cộng (KW) | AR52: =SUM(AR10:AR51) -> 1065
H54: Tồn trước | K54: Tồn sau | R54: Tấn/ngày | T54: Tấn/giờ | W54: KWh ngày | Y54: KWh/tấn | AB54: Kg hơi/ngày | AH54: Kg hơi/tấn | AL54: Nhân viên vận hành | AP54: Người thẩm tra
A55: QT-NL-01/BM15 Lần ban hành: 02 Ngày ban hành: 15/07/2019 | G55: CORN | H55: =SUM('8'!K53:Q53) -> 328 | K55: =H55+R55 -> 408 | R55: =SUMIF($B$10:$B$51,G55,$E$10:$E$51) -> 80 | T55: =IFERROR(R55/SUMIF($B$10:$B$51,G55,$H$10:$H$51),"") -> 8 | W55: =SUMIF($B$10:$B$51,G55,$AI$10:$AI$51)+SUMIF($B$10:$B$51,G55,$AO$10:$AO$51)+SUMIF($B$10:$B$51,G55,$AR$10:$AR$51) -> 1831 | Y55: =IFERROR(W55/R55,"") -> 22.8875 | AB55: =SUMIF($B$10:$B$51,G55,$AL$10:$AL$51) -> 6208 | AH55: =IFERROR(AB55/R55,"") -> 77.6 | AL55: Ca 1 | AM55: thanh | AP55: lê văn lộc
G56: FFS | H56: =SUM('8'!K54:Q54) -> 169 | K56: =H56+R56 -> 194 | R56: =SUMIF($B$10:$B$51,G56,$E$10:$E$51) -> 25 | T56: =IFERROR(R56/SUMIF($B$10:$B$51,G56,$H$10:$H$51),"") -> 5 | W56: =SUMIF($B$10:$B$51,G56,$AI$10:$AI$51)+SUMIF($B$10:$B$51,G56,$AO$10:$AO$51)+SUMIF($B$10:$B$51,G56,$AR$10:$AR$51) -> 817 | Y56: =IFERROR(W56/R56,"") -> 32.68 | AB56: =SUMIF($B$10:$B$51,G56,$AL$10:$AL$51) -> 2602 | AH56: =IFERROR(AB56/R56,"") -> 104.08 | AL56: Ca 2 | AM56: quyết | AP56: Thẩm tra | AQ56: Ngày thẩm tra
G57: TỔNG | H57: =IFERROR(SUM(H55:J56),"") -> 497 | K57: =IFERROR(SUM(K55:Q56),"") -> 602 | R57: =IFERROR(SUM(R55:S56),"") -> 105 | T57: =IFERROR(AVERAGE(T55:U56),"") -> 6.5 | W57: =IFERROR(SUM(W55:X56),"") -> 2648 | Y57: =IFERROR(AVERAGE(Y55:AA56),"") -> 27.78375 | AB57: =IFERROR(SUM(AB55:AG56),"") -> 8810 | AH57: =IFERROR(AVERAGE(AH55:AI56),"") -> 90.84 | AL57: Ca 3 | AM57: tinh

Sheet 10
A1: CÔNG TY CỔ PHẦN CHĂN NUÔI C.P VIỆT NAM
A2: Chi Nhánh Tại Bình Dương
A3: Phòng Kho Nguyên Liệu
A4: BÁO CÁO VẬN HÀNH VÀ KIỂM SOÁT QUÁ TRÌNH HẤP NGUYÊN LIỆU
Z5: Ngày:.….10..…../…06…../…2026….…….
A6: Ca | B6: Nguyên liệu | C6: Từ bồn | D6: Đến bồn | E6: Sản lượng (tấn) | F6: Thời gian chạy | I6: Thời gian ngưng | M6: Lý do ngưng | Q6: KẾT QUẢ KIỂM TRA CHẤT LƯỢNG | Z6: Ampe máy hấp | AA6: % Feeder | AB6: Nhiệt độ hơi (°C) | AC6: Nhiệt độ máy | AG6: Điện sử dụng máy hấp | AJ6: Hơi nóng sử dụng | AM6: Điện sử dụng LINE | AP6: Điện sử dụng máy nghiền
F7: Bắt đầu | G7: Kết thúc | H7: Tổng cộng | I7: Bắt đầu | J7: Kết thúc | K7: Tổng cộng | M7: 1 | O7: 2 | Q7: Mẫu trước hấp | S7: Mẫu sau hấp | AC7: Conditioner | AD7: Extruder | AE7: Môi trường | AG7: Số đầu | AH7: Số cuối | AI7: KWh | AJ7: Số đầu | AK7: Số cuối | AL7: Kg hơi | AM7: Số đầu | AN7: Số cuối | AO7: KWh | AP7: Số đầu | AQ7: Số cuối | AR7: KWh
K8: 1 | L8: 2 | M8: Mã số | N8: Số lần | O8: Mã số | P8: Số lần | S8: Thời gian lấy mẫu | T8: Đậu nành | V8: Bắp | W8: %M | X8: Nhiệt độ Cooler | Y8: Người kiểm tra
T9: Chỉ số PS | U9: Chỉ số Trypsin | V9: Chỉ số Hydro
A10: 1 | H10: =HOUR(G10-F10)+MINUTE(G10-F10)/60 -> 0 | I10: 0.25 | J10: 0.47916667 | K10: =HOUR(J10-I10)+MINUTE(J10-I10)/60 -> 5.5 | M10: 153 | N10: 1 | Q10: Đặc điểm về cảm quang: | AI10: =IFERROR((AH10-AG10),"") -> 0 | AL10: =IFERROR((AK10-AJ10),"") -> 0 | AO10: =IFERROR((AN10-AM10),"") -> 0 | AR10: =IFERROR((AQ10-AP10),"") -> 0
A11: 1 | B11: CORN | C11: 1 | D11: 30 | E11: 20 | F11: 0.47916667 | G11: 0.58333333 | H11: =HOUR(G11-F11)+MINUTE(G11-F11)/60 -> 2.5 | K11: =HOUR(J11-I11)+MINUTE(J11-I11)/60 -> 0 | Q11: 1.Trong chuẩn | R11: v | S11: 0.54166667 | V11: 40.21 | W11: 12.5 | X11: 33 | Y11: quyết | Z11: 121 | AA11: 70 | AB11: 100 | AC11: 101 | AD11: 120 | AE11: 32 | AG11: 43212 | AH11: 43390 | AI11: =IFERROR((AH11-AG11),"") -> 178 | AJ11: 9224164 | AK11: 9225607 | AL11: =IFERROR((AK11-AJ11),"") -> 1443 | AM11: 959360 | AN11: 959419 | AO11: =IFERROR((AN11-AM11),"") -> 59 | AP11: 368941 | AQ11: 369081 | AR11: =IFERROR((AQ11-AP11),"") -> 140
H12: =HOUR(G12-F12)+MINUTE(G12-F12)/60 -> 0 | K12: =HOUR(J12-I12)+MINUTE(J12-I12)/60 -> 0 | Q12: 2.Ngoài chuẩn | S12: 0.625 | V12: 40.52 | W12: 12.5 | X12: 33 | Y12: quyết | Z12: 115 | AA12: 70 | AB12: 100 | AC12: 101 | AD12: 118 | AE12: 32 | AI12: =IFERROR((AH12-AG12),"") -> 0 | AL12: =IFERROR((AK12-AJ12),"") -> 0 | AO12: =IFERROR((AN12-AM12),"") -> 0 | AR12: =IFERROR((AQ12-AP12),"") -> 0
H13: =HOUR(G13-F13)+MINUTE(G13-F13)/60 -> 0 | K13: =HOUR(J13-I13)+MINUTE(J13-I13)/60 -> 0 | Q13: 3.Loại Lưới : | R13: 3,0mm | AI13: =IFERROR((AH13-AG13),"") -> 0 | AL13: =IFERROR((AK13-AJ13),"") -> 0 | AO13: =IFERROR((AN13-AM13),"") -> 0 | AR13: =IFERROR((AQ13-AP13),"") -> 0
A14: 2 | B14: CORN | C14: 1 | D14: 30 | E14: 20 | F14: 0.58333333 | G14: 0.6875 | H14: =HOUR(G14-F14)+MINUTE(G14-F14)/60 -> 2.5 | I14: 0.6875 | J14: 0.91666667 | K14: =HOUR(J14-I14)+MINUTE(J14-I14)/60 -> 5.5 | M14: 153 | N14: 1 | Q14: 1.Trong chuẩn | R14: v | S14: 0.625 | V14: 40.12 | W14: 12.5 | X14: 33 | Y14: quyết | Z14: 130 | AA14: 70 | AB14: 100 | AC14: 101 | AD14: 118 | AE14: 31 | AG14: 43390 | AH14: 43621 | AI14: =IFERROR((AH14-AG14),"") -> 231 | AJ14: 9225607 | AK14: 9227038 | AL14: =IFERROR((AK14-AJ14),"") -> 1431 | AM14: 959419 | AN14: 959488 | AO14: =IFERROR((AN14-AM14),"") -> 69 | AP14: 369081 | AQ14: 369265 | AR14: =IFERROR((AQ14-AP14),"") -> 184
H15: =HOUR(G15-F15)+MINUTE(G15-F15)/60 -> 0 | K15: =HOUR(J15-I15)+MINUTE(J15-I15)/60 -> 0 | Q15: 2.Ngoài chuẩn | S15: 0.66666667 | V15: 40.21 | W15: 12.5 | X15: 34 | Y15: quyết | Z15: 133 | AA15: 70 | AB15: 100 | AC15: 102 | AD15: 118 | AE15: 31 | AI15: =IFERROR((AH15-AG15),"") -> 0 | AL15: =IFERROR((AK15-AJ15),"") -> 0 | AO15: =IFERROR((AN15-AM15),"") -> 0 | AR15: =IFERROR((AQ15-AP15),"") -> 0
H16: =HOUR(G16-F16)+MINUTE(G16-F16)/60 -> 0 | K16: =HOUR(J16-I16)+MINUTE(J16-I16)/60 -> 0 | Q16: 3.Loại Lưới : | R16: 3,0mm | AI16: =IFERROR((AH16-AG16),"") -> 0 | AL16: =IFERROR((AK16-AJ16),"") -> 0 | AO16: =IFERROR((AN16-AM16),"") -> 0 | AR16: =IFERROR((AQ16-AP16),"") -> 0
A17: 3 | B17: CORN | C17: 1 | D17: 30 | E17: 64 | F17: 0.91666667 | G17: 1.25 | H17: =HOUR(G17-F17)+MINUTE(G17-F17)/60 -> 8 | K17: =HOUR(J17-I17)+MINUTE(J17-I17)/60 -> 0 | Q17: 1.Trong chuẩn | R17: v | S17: 0.95833333 | V17: 40.3 | W17: 12.5 | X17: 34 | Y17: tính | Z17: 129 | AA17: 68 | AB17: 100 | AC17: 101 | AD17: 119 | AE17: 33 | AG17: 43621 | AH17: 44305 | AI17: =IFERROR((AH17-AG17),"") -> 684 | AJ17: 9227161 | AK17: 9231078 | AL17: =IFERROR((AK17-AJ17),"") -> 3917 | AM17: 959488 | AN17: 959700 | AO17: =IFERROR((AN17-AM17),"") -> 212 | AP17: 369265 | AQ17: 369808 | AR17: =IFERROR((AQ17-AP17),"") -> 543
H18: =HOUR(G18-F18)+MINUTE(G18-F18)/60 -> 0 | K18: =HOUR(J18-I18)+MINUTE(J18-I18)/60 -> 0 | Q18: 2.Ngoài chuẩn | S18: 0 | V18: 41.6 | W18: 12.5 | X18: 33 | Y18: tính | Z18: 127 | AA18: 68 | AB18: 100 | AC18: 101 | AD18: 118 | AE18: 33 | AI18: =IFERROR((AH18-AG18),"") -> 0 | AL18: =IFERROR((AK18-AJ18),"") -> 0 | AO18: =IFERROR((AN18-AM18),"") -> 0 | AR18: =IFERROR((AQ18-AP18),"") -> 0
H19: =HOUR(G19-F19)+MINUTE(G19-F19)/60 -> 0 | K19: =HOUR(J19-I19)+MINUTE(J19-I19)/60 -> 0 | Q19: 3.Loại Lưới : | R19: 3,0mm | S19: 0.041666667 | V19: 41.7 | W19: 12.5 | X19: 34 | Y19: tính | Z19: 128 | AA19: 68 | AB19: 100 | AC19: 103 | AD19: 120 | AE19: 32 | AI19: =IFERROR((AH19-AG19),"") -> 0 | AL19: =IFERROR((AK19-AJ19),"") -> 0 | AO19: =IFERROR((AN19-AM19),"") -> 0 | AR19: =IFERROR((AQ19-AP19),"") -> 0
H20: =HOUR(G20-F20)+MINUTE(G20-F20)/60 -> 0 | K20: =HOUR(J20-I20)+MINUTE(J20-I20)/60 -> 0 | S20: 0.083333333 | V20: 40.8 | W20: 12.5 | X20: 35 | Y20: tính | Z20: 121 | AA20: 68 | AB20: 100 | AC20: 102 | AD20: 120 | AE20: 32 | AI20: =IFERROR((AH20-AG20),"") -> 0 | AL20: =IFERROR((AK20-AJ20),"") -> 0 | AO20: =IFERROR((AN20-AM20),"") -> 0 | AR20: =IFERROR((AQ20-AP20),"") -> 0
H21: =HOUR(G21-F21)+MINUTE(G21-F21)/60 -> 0 | K21: =HOUR(J21-I21)+MINUTE(J21-I21)/60 -> 0 | S21: 0.125 | V21: 41.6 | W21: 12.5 | X21: 35 | Y21: tính | Z21: 117 | AA21: 68 | AB21: 100 | AC21: 101 | AD21: 119 | AE21: 32 | AI21: =IFERROR((AH21-AG21),"") -> 0 | AL21: =IFERROR((AK21-AJ21),"") -> 0 | AO21: =IFERROR((AN21-AM21),"") -> 0 | AR21: =IFERROR((AQ21-AP21),"") -> 0
H22: =HOUR(G22-F22)+MINUTE(G22-F22)/60 -> 0 | K22: =HOUR(J22-I22)+MINUTE(J22-I22)/60 -> 0 | S22: 0.16666667 | V22: 42.3 | W22: 12.5 | X22: 34 | Y22: tính | Z22: 126 | AA22: 68 | AB22: 100 | AC22: 102 | AD22: 119 | AE22: 31 | AI22: =IFERROR((AH22-AG22),"") -> 0 | AL22: =IFERROR((AK22-AJ22),"") -> 0 | AO22: =IFERROR((AN22-AM22),"") -> 0 | AR22: =IFERROR((AQ22-AP22),"") -> 0
H23: =HOUR(G23-F23)+MINUTE(G23-F23)/60 -> 0 | K23: =HOUR(J23-I23)+MINUTE(J23-I23)/60 -> 0 | S23: 0.20833333 | V23: 40.9 | W23: 12.5 | X23: 35 | Y23: tính | Z23: 130 | AA23: 68 | AB23: 100 | AC23: 102 | AD23: 119 | AE23: 31 | AI23: =IFERROR((AH23-AG23),"") -> 0 | AL23: =IFERROR((AK23-AJ23),"") -> 0 | AO23: =IFERROR((AN23-AM23),"") -> 0 | AR23: =IFERROR((AQ23-AP23),"") -> 0
H24: =HOUR(G24-F24)+MINUTE(G24-F24)/60 -> 0 | K24: =HOUR(J24-I24)+MINUTE(J24-I24)/60 -> 0 | S24: 0.25 | V24: 41.6 | W24: 12.5 | X24: 34 | Y24: tính | Z24: 130 | AA24: 68 | AB24: 100 | AC24: 101 | AD24: 120 | AE24: 31 | AI24: =IFERROR((AH24-AG24),"") -> 0 | AL24: =IFERROR((AK24-AJ24),"") -> 0 | AO24: =IFERROR((AN24-AM24),"") -> 0 | AR24: =IFERROR((AQ24-AP24),"") -> 0
H25: =HOUR(G25-F25)+MINUTE(G25-F25)/60 -> 0 | K25: =HOUR(J25-I25)+MINUTE(J25-I25)/60 -> 0 | AI25: =IFERROR((AH25-AG25),"") -> 0 | AL25: =IFERROR((AK25-AJ25),"") -> 0 | AO25: =IFERROR((AN25-AM25),"") -> 0 | AR25: =IFERROR((AQ25-AP25),"") -> 0
H26: =HOUR(G26-F26)+MINUTE(G26-F26)/60 -> 0 | K26: =HOUR(J26-I26)+MINUTE(J26-I26)/60 -> 0 | AI26: =IFERROR((AH26-AG26),"") -> 0 | AL26: =IFERROR((AK26-AJ26),"") -> 0 | AO26: =IFERROR((AN26-AM26),"") -> 0 | AR26: =IFERROR((AQ26-AP26),"") -> 0
H27: =HOUR(G27-F27)+MINUTE(G27-F27)/60 -> 0 | K27: =HOUR(J27-I27)+MINUTE(J27-I27)/60 -> 0 | AI27: =IFERROR((AH27-AG27),"") -> 0 | AL27: =IFERROR((AK27-AJ27),"") -> 0 | AO27: =IFERROR((AN27-AM27),"") -> 0 | AR27: =IFERROR((AQ27-AP27),"") -> 0
H28: =HOUR(G28-F28)+MINUTE(G28-F28)/60 -> 0 | K28: =HOUR(J28-I28)+MINUTE(J28-I28)/60 -> 0 | AI28: =IFERROR((AH28-AG28),"") -> 0 | AL28: =IFERROR((AK28-AJ28),"") -> 0 | AO28: =IFERROR((AN28-AM28),"") -> 0 | AR28: =IFERROR((AQ28-AP28),"") -> 0
H29: =HOUR(G29-F29)+MINUTE(G29-F29)/60 -> 0 | K29: =HOUR(J29-I29)+MINUTE(J29-I29)/60 -> 0 | AI29: =IFERROR((AH29-AG29),"") -> 0 | AL29: =IFERROR((AK29-AJ29),"") -> 0 | AO29: =IFERROR((AN29-AM29),"") -> 0 | AR29: =IFERROR((AQ29-AP29),"") -> 0
H30: =HOUR(G30-F30)+MINUTE(G30-F30)/60 -> 0 | K30: =HOUR(J30-I30)+MINUTE(J30-I30)/60 -> 0 | AI30: =IFERROR((AH30-AG30),"") -> 0 | AL30: =IFERROR((AK30-AJ30),"") -> 0 | AO30: =IFERROR((AN30-AM30),"") -> 0 | AR30: =IFERROR((AQ30-AP30),"") -> 0
H31: =HOUR(G31-F31)+MINUTE(G31-F31)/60 -> 0 | K31: =HOUR(J31-I31)+MINUTE(J31-I31)/60 -> 0 | AI31: =IFERROR((AH31-AG31),"") -> 0 | AL31: =IFERROR((AK31-AJ31),"") -> 0 | AO31: =IFERROR((AN31-AM31),"") -> 0 | AR31: =IFERROR((AQ31-AP31),"") -> 0
H32: =HOUR(G32-F32)+MINUTE(G32-F32)/60 -> 0 | K32: =HOUR(J32-I32)+MINUTE(J32-I32)/60 -> 0 | AI32: =IFERROR((AH32-AG32),"") -> 0 | AL32: =IFERROR((AK32-AJ32),"") -> 0 | AO32: =IFERROR((AN32-AM32),"") -> 0 | AR32: =IFERROR((AQ32-AP32),"") -> 0
H33: =HOUR(G33-F33)+MINUTE(G33-F33)/60 -> 0 | K33: =HOUR(J33-I33)+MINUTE(J33-I33)/60 -> 0 | AI33: =IFERROR((AH33-AG33),"") -> 0 | AL33: =IFERROR((AK33-AJ33),"") -> 0 | AO33: =IFERROR((AN33-AM33),"") -> 0 | AR33: =IFERROR((AQ33-AP33),"") -> 0
H34: =HOUR(G34-F34)+MINUTE(G34-F34)/60 -> 0 | K34: =HOUR(J34-I34)+MINUTE(J34-I34)/60 -> 0 | AI34: =IFERROR((AH34-AG34),"") -> 0 | AL34: =IFERROR((AK34-AJ34),"") -> 0 | AO34: =IFERROR((AN34-AM34),"") -> 0 | AR34: =IFERROR((AQ34-AP34),"") -> 0
H35: =HOUR(G35-F35)+MINUTE(G35-F35)/60 -> 0 | K35: =HOUR(J35-I35)+MINUTE(J35-I35)/60 -> 0 | AI35: =IFERROR((AH35-AG35),"") -> 0 | AL35: =IFERROR((AK35-AJ35),"") -> 0 | AO35: =IFERROR((AN35-AM35),"") -> 0 | AR35: =IFERROR((AQ35-AP35),"") -> 0
H36: =HOUR(G36-F36)+MINUTE(G36-F36)/60 -> 0 | K36: =HOUR(J36-I36)+MINUTE(J36-I36)/60 -> 0 | AI36: =IFERROR((AH36-AG36),"") -> 0 | AL36: =IFERROR((AK36-AJ36),"") -> 0 | AO36: =IFERROR((AN36-AM36),"") -> 0 | AR36: =IFERROR((AQ36-AP36),"") -> 0
... H44: =HOUR(G44-F44)+MINUTE(G44-F44)/60 -> 0 | K44: =HOUR(J44-I44)+MINUTE(J44-I44)/60 -> 0 | AI44: =IFERROR((AH44-AG44),"") -> 0 | AL44: =IFERROR((AK44-AJ44),"") -> 0 | AO44: =IFERROR((AN44-AM44),"") -> 0 | AR44: =IFERROR((AQ44-AP44),"") -> 0
A46: QT-NL-01/BM15…………
A47: Lần ban hành: …06…………
A48: Ngày hiệu lực: …01/10/2025… | I48: Người Báo Cáo :……………………………… | S48: Người Thẩm Tra :…………………………………….
B51: Tổng cộng (tấn) | E51: =SUM(E10:E44) -> 104 | F51: Tổng cộng (giờ) | H51: =SUM(H10:H44) -> 13 | I51: Tổng cộng (giờ) | K51: =SUM(K10:L44) -> 11 | Q51: (Ghi chú: Chất lượng cảm quan chọn: Đ/KĐ) | Y51: Sản phẩm chạy lại (tấn) | AG51: Tổng cộng (KW) | AI51: =SUM(AI10:AI44) -> 1093 | AJ51: Tổng cộng (Kg) | AL51: =SUM(AL10:AL44) -> 6791 | AM51: Tổng cộng (KW) | AO51: =SUM(AO10:AO44) -> 340 | AP51: Tổng cộng (KW) | AR51: =SUM(AR10:AR44) -> 867
H53: Tồn trước | K53: Tồn sau | R53: Tấn/ngày | T53: Tấn/giờ | W53: KWh ngày | Y53: KWh/tấn | AB53: Kg hơi/ngày | AH53: Kg hơi/tấn | AL53: Nhân viên vận hành | AP53: Người thẩm tra
A54: QT-NL-01/BM15 Lần ban hành: 02 Ngày ban hành: 15/07/2019 | G54: CORN | H54: =SUM('9'!K55:Q55) -> 408 | K54: =H54+R54 -> 512 | R54: =SUMIF($B$10:$B$44,G54,$E$10:$E$44) -> 104 | T54: =IFERROR(R54/SUMIF($B$10:$B$44,G54,$H$10:$H$44),"") -> 8 | W54: =SUMIF($B$10:$B$44,G54,$AI$10:$AI$44)+SUMIF($B$10:$B$44,G54,$AO$10:$AO$44)+SUMIF($B$10:$B$44,G54,$AR$10:$AR$44) -> 2300 | Y54: =IFERROR(W54/R54,"") -> 22.115385 | AB54: =SUMIF($B$10:$B$44,G54,$AL$10:$AL$44) -> 6791 | AH54: =IFERROR(AB54/R54,"") -> 65.298077 | AL54: Ca 1 | AP54: lê văn lộc
G55: FFS | H55: =SUM('9'!K56:Q56) -> 194 | K55: =H55+R55 -> 194 | R55: =SUMIF($B$10:$B$44,G55,$E$10:$E$44) -> 0 | T55: =IFERROR(R55/SUMIF($B$10:$B$44,G55,$H$10:$H$44),"") | W55: =SUMIF($B$10:$B$44,G55,$AI$10:$AI$44)+SUMIF($B$10:$B$44,G55,$AO$10:$AO$44)+SUMIF($B$10:$B$44,G55,$AR$10:$AR$44) -> 0 | Y55: =IFERROR(W55/R55,"") | AB55: =SUMIF($B$10:$B$44,G55,$AL$10:$AL$44) -> 0 | AH55: =IFERROR(AB55/R55,"") | AL55: Ca 2 | AM55: quyết | AP55: Thẩm tra | AQ55: Ngày thẩm tra
G56: TỔNG | H56: =IFERROR(SUM(H54:J55),"") -> 602 | K56: =IFERROR(SUM(K54:Q55),"") -> 706 | R56: =IFERROR(SUM(R54:S55),"") -> 104 | T56: =IFERROR(AVERAGE(T54:U55),"") -> 8 | W56: =IFERROR(SUM(W54:X55),"") -> 2300 | Y56: =IFERROR(AVERAGE(Y54:AA55),"") -> 22.115385 | AB56: =IFERROR(SUM(AB54:AG55),"") -> 6791 | AH56: =IFERROR(AVERAGE(AH54:AI55),"") -> 65.298077 | AL56: Ca 3 | AM56: quyết

Sheet 11
A1: CÔNG TY CỔ PHẦN CHĂN NUÔI C.P VIỆT NAM
A2: Chi Nhánh Tại Bình Dương
A3: Phòng Kho Nguyên Liệu
A4: BÁO CÁO VẬN HÀNH VÀ KIỂM SOÁT QUÁ TRÌNH HẤP NGUYÊN LIỆU
Z5: Ngày:.…..11.…../…06….../…2026….……
A6: Ca | B6: Nguyên liệu | C6: Từ bồn | D6: Đến bồn | E6: Sản lượng (tấn) | F6: Thời gian chạy | I6: Thời gian ngưng | M6: Lý do ngưng | Q6: KẾT QUẢ KIỂM TRA CHẤT LƯỢNG | Z6: Ampe máy hấp | AA6: % Feeder | AB6: Nhiệt độ hơi (°C) | AC6: Nhiệt độ máy | AG6: Điện sử dụng máy hấp | AJ6: Hơi nóng sử dụng | AM6: Điện sử dụng LINE | AP6: Điện sử dụng máy nghiền
F7: Bắt đầu | G7: Kết thúc | H7: Tổng cộng | I7: Bắt đầu | J7: Kết thúc | K7: Tổng cộng | M7: 1 | O7: 2 | Q7: Mẫu trước hấp | S7: Mẫu sau hấp | AC7: Conditioner | AD7: Extruder | AE7: Môi trường | AG7: Số đầu | AH7: Số cuối | AI7: KWh | AJ7: Số đầu | AK7: Số cuối | AL7: Kg hơi | AM7: Số đầu | AN7: Số cuối | AO7: KWh | AP7: Số đầu | AQ7: Số cuối | AR7: KWh
K8: 1 | L8: 2 | M8: Mã số | N8: Số lần | O8: Mã số | P8: Số lần | S8: Thời gian lấy mẫu | T8: Đậu nành | V8: Bắp | W8: %M | X8: Nhiệt độ Cooler | Y8: Người kiểm tra
T9: Chỉ số PS | U9: Chỉ số Trypsin | V9: Chỉ số Hydro
A10: 1 | B10: CORN | C10: 1 | D10: 30 | E10: 12 | F10: 0.25 | G10: 0.3125 | H10: =HOUR(G10-F10)+MINUTE(G10-F10)/60 -> 1.5 | I10: 0.3125 | J10: 0.47916667 | K10: =HOUR(J10-I10)+MINUTE(J10-I10)/60 -> 4 | M10: 153 | N10: 1 | Q10: Đặc điểm về cảm quang: | S10: 0.29166667 | V10: 40.21 | W10: 12.5 | X10: 33 | Y10: quyết | Z10: 121 | AA10: 70 | AB10: 100 | AC10: 101 | AD10: 120 | AE10: 32 | AG10: 44305 | AH10: 44447 | AI10: =IFERROR((AH10-AG10),"") -> 142 | AJ10: 9231078 | AK10: 9231444 | AL10: =IFERROR((AK10-AJ10),"") -> 366 | AM10: 959700 | AN10: 959736 | AO10: =IFERROR((AN10-AM10),"") -> 36 | AP10: 369808 | AQ10: 369924 | AR10: =IFERROR((AQ10-AP10),"") -> 116
H11: =HOUR(G11-F11)+MINUTE(G11-F11)/60 -> 0 | K11: =HOUR(J11-I11)+MINUTE(J11-I11)/60 -> 0 | Q11: 1.Trong chuẩn | R11: v | AI11: =IFERROR((AH11-AG11),"") -> 0 | AL11: =IFERROR((AK11-AJ11),"") -> 0 | AO11: =IFERROR((AN11-AM11),"") -> 0 | AR11: =IFERROR((AQ11-AP11),"") -> 0
H12: =HOUR(G12-F12)+MINUTE(G12-F12)/60 -> 0 | K12: =HOUR(J12-I12)+MINUTE(J12-I12)/60 -> 0 | Q12: 2.Ngoài chuẩn | AI12: =IFERROR((AH12-AG12),"") -> 0 | AL12: =IFERROR((AK12-AJ12),"") -> 0 | AO12: =IFERROR((AN12-AM12),"") -> 0 | AR12: =IFERROR((AQ12-AP12),"") -> 0
H13: =HOUR(G13-F13)+MINUTE(G13-F13)/60 -> 0 | K13: =HOUR(J13-I13)+MINUTE(J13-I13)/60 -> 0 | Q13: 3.Loại Lưới : | R13: 3.0mm | AI13: =IFERROR((AH13-AG13),"") -> 0 | AL13: =IFERROR((AK13-AJ13),"") -> 0 | AO13: =IFERROR((AN13-AM13),"") -> 0 | AR13: =IFERROR((AQ13-AP13),"") -> 0
A14: 1 | B14: FFS | C14: 4 | D14: 39 | E14: 12 | F14: 0.47916667 | G14: 0.58333333 | H14: =HOUR(G14-F14)+MINUTE(G14-F14)/60 -> 2.5 | K14: =HOUR(J14-I14)+MINUTE(J14-I14)/60 -> 0 | Q14: 1.Trong chuẩn | R14: v | S14: 0.5 | T14: 79.88 | U14: 9.87 | W14: 10.9 | X14: 33 | Y14: quyết | Z14: 113 | AA14: 60 | AB14: 100 | AC14: 101 | AD14: 133 | AE14: 32 | AG14: 637664 | AH14: 637827 | AI14: =IFERROR((AH14-AG14),"") -> 163 | AJ14: 37082 | AK14: 38255 | AL14: =IFERROR((AK14-AJ14),"") -> 1173 | AM14: 959736 | AN14: 959811 | AO14: =IFERROR((AN14-AM14),"") -> 75 | AP14: 369924 | AQ14: 370103 | AR14: =IFERROR((AQ14-AP14),"") -> 179
H15: =HOUR(G15-F15)+MINUTE(G15-F15)/60 -> 0 | K15: =HOUR(J15-I15)+MINUTE(J15-I15)/60 -> 0 | Q15: 2.Ngoài chuẩn | S15: 0.54166667 | T15: 79.44 | U15: 9.47 | W15: 10.9 | X15: 33 | Y15: quyết | Z15: 109 | AA15: 60 | AB15: 100 | AC15: 101 | AD15: 133 | AE15: 32 | AI15: =IFERROR((AH15-AG15),"") -> 0 | AL15: =IFERROR((AK15-AJ15),"") -> 0 | AO15: =IFERROR((AN15-AM15),"") -> 0 | AR15: =IFERROR((AQ15-AP15),"") -> 0
H16: =HOUR(G16-F16)+MINUTE(G16-F16)/60 -> 0 | K16: =HOUR(J16-I16)+MINUTE(J16-I16)/60 -> 0 | Q16: 3.Loại Lưới : | R16: 2,5mm | AI16: =IFERROR((AH16-AG16),"") -> 0 | AL16: =IFERROR((AK16-AJ16),"") -> 0 | AO16: =IFERROR((AN16-AM16),"") -> 0 | AR16: =IFERROR((AQ16-AP16),"") -> 0
A17: 2 | B17: FFS | C17: 4 | D17: 39 | E17: 13 | F17: 0.58333333 | G17: 0.6875 | H17: =HOUR(G17-F17)+MINUTE(G17-F17)/60 -> 2.5 | I17: 0.6875 | J17: 0.91666667 | K17: =HOUR(J17-I17)+MINUTE(J17-I17)/60 -> 5.5 | M17: 153 | N17: 1 | Q17: 1.Trong chuẩn | R17: v | S17: 0.58333333 | T17: 79.56 | U17: 9.78 | W17: 10.8 | X17: 34 | Y17: quyết | Z17: 116 | AA17: 63 | AB17: 100 | AC17: 102 | AD17: 133 | AE17: 33 | AG17: 637827 | AH17: 638004 | AI17: =IFERROR((AH17-AG17),"") -> 177 | AJ17: 38255 | AK17: 39613 | AL17: =IFERROR((AK17-AJ17),"") -> 1358 | AM17: 959811 | AN17: 959882 | AO17: =IFERROR((AN17-AM17),"") -> 71 | AP17: 370103 | AQ17: 370281 | AR17: =IFERROR((AQ17-AP17),"") -> 178
H18: =HOUR(G18-F18)+MINUTE(G18-F18)/60 -> 0 | K18: =HOUR(J18-I18)+MINUTE(J18-I18)/60 -> 0 | Q18: 2.Ngoài chuẩn | S18: 0.625 | T18: 78.44 | U18: 8.8 | W18: 10.8 | X18: 35 | Y18: quyết | Z18: 114 | AA18: 63 | AB18: 100 | AC18: 101 | AD18: 134 | AE18: 33 | AI18: =IFERROR((AH18-AG18),"") -> 0 | AL18: =IFERROR((AK18-AJ18),"") -> 0 | AO18: =IFERROR((AN18-AM18),"") -> 0 | AR18: =IFERROR((AQ18-AP18),"") -> 0
H19: =HOUR(G19-F19)+MINUTE(G19-F19)/60 -> 0 | K19: =HOUR(J19-I19)+MINUTE(J19-I19)/60 -> 0 | Q19: 3.Loại Lưới : | R19: 2,5mm | S19: 0.66666667 | T19: 77.88 | U19: 9.1 | W19: 10.8 | X19: 34 | Y19: quyết | Z19: 110 | AA19: 63 | AB19: 100 | AC19: 101 | AD19: 134 | AE19: 33 | AI19: =IFERROR((AH19-AG19),"") -> 0 | AL19: =IFERROR((AK19-AJ19),"") -> 0 | AO19: =IFERROR((AN19-AM19),"") -> 0 | AR19: =IFERROR((AQ19-AP19),"") -> 0
A20: 3 | H20: =HOUR(G20-F20)+MINUTE(G20-F20)/60 -> 0 | I20: 0.91666667 | J20: 1.25 | K20: =HOUR(J20-I20)+MINUTE(J20-I20)/60 -> 8 | M20: 153 | N20: 1 | AI20: =IFERROR((AH20-AG20),"") -> 0 | AL20: =IFERROR((AK20-AJ20),"") -> 0 | AO20: =IFERROR((AN20-AM20),"") -> 0 | AR20: =IFERROR((AQ20-AP20),"") -> 0
H21: =HOUR(G21-F21)+MINUTE(G21-F21)/60 -> 0 | K21: =HOUR(J21-I21)+MINUTE(J21-I21)/60 -> 0 | AI21: =IFERROR((AH21-AG21),"") -> 0 | AL21: =IFERROR((AK21-AJ21),"") -> 0 | AO21: =IFERROR((AN21-AM21),"") -> 0 | AR21: =IFERROR((AQ21-AP21),"") -> 0
H22: =HOUR(G22-F22)+MINUTE(G22-F22)/60 -> 0 | K22: =HOUR(J22-I22)+MINUTE(J22-I22)/60 -> 0 | AI22: =IFERROR((AH22-AG22),"") -> 0 | AL22: =IFERROR((AK22-AJ22),"") -> 0 | AO22: =IFERROR((AN22-AM22),"") -> 0 | AR22: =IFERROR((AQ22-AP22),"") -> 0
H23: =HOUR(G23-F23)+MINUTE(G23-F23)/60 -> 0 | K23: =HOUR(J23-I23)+MINUTE(J23-I23)/60 -> 0 | AI23: =IFERROR((AH23-AG23),"") -> 0 | AL23: =IFERROR((AK23-AJ23),"") -> 0 | AO23: =IFERROR((AN23-AM23),"") -> 0 | AR23: =IFERROR((AQ23-AP23),"") -> 0
H24: =HOUR(G24-F24)+MINUTE(G24-F24)/60 -> 0 | K24: =HOUR(J24-I24)+MINUTE(J24-I24)/60 -> 0 | AI24: =IFERROR((AH24-AG24),"") -> 0 | AL24: =IFERROR((AK24-AJ24),"") -> 0 | AO24: =IFERROR((AN24-AM24),"") -> 0 | AR24: =IFERROR((AQ24-AP24),"") -> 0
H25: =HOUR(G25-F25)+MINUTE(G25-F25)/60 -> 0 | K25: =HOUR(J25-I25)+MINUTE(J25-I25)/60 -> 0 | AI25: =IFERROR((AH25-AG25),"") -> 0 | AL25: =IFERROR((AK25-AJ25),"") -> 0 | AO25: =IFERROR((AN25-AM25),"") -> 0 | AR25: =IFERROR((AQ25-AP25),"") -> 0
H26: =HOUR(G26-F26)+MINUTE(G26-F26)/60 -> 0 | K26: =HOUR(J26-I26)+MINUTE(J26-I26)/60 -> 0 | AI26: =IFERROR((AH26-AG26),"") -> 0 | AL26: =IFERROR((AK26-AJ26),"") -> 0 | AO26: =IFERROR((AN26-AM26),"") -> 0 | AR26: =IFERROR((AQ26-AP26),"") -> 0
H27: =HOUR(G27-F27)+MINUTE(G27-F27)/60 -> 0 | K27: =HOUR(J27-I27)+MINUTE(J27-I27)/60 -> 0 | AI27: =IFERROR((AH27-AG27),"") -> 0 | AL27: =IFERROR((AK27-AJ27),"") -> 0 | AO27: =IFERROR((AN27-AM27),"") -> 0 | AR27: =IFERROR((AQ27-AP27),"") -> 0
H28: =HOUR(G28-F28)+MINUTE(G28-F28)/60 -> 0 | K28: =HOUR(J28-I28)+MINUTE(J28-I28)/60 -> 0 | AI28: =IFERROR((AH28-AG28),"") -> 0 | AL28: =IFERROR((AK28-AJ28),"") -> 0 | AO28: =IFERROR((AN28-AM28),"") -> 0 | AR28: =IFERROR((AQ28-AP28),"") -> 0
H29: =HOUR(G29-F29)+MINUTE(G29-F29)/60 -> 0 | K29: =HOUR(J29-I29)+MINUTE(J29-I29)/60 -> 0 | AI29: =IFERROR((AH29-AG29),"") -> 0 | AL29: =IFERROR((AK29-AJ29),"") -> 0 | AO29: =IFERROR((AN29-AM29),"") -> 0 | AR29: =IFERROR((AQ29-AP29),"") -> 0
H30: =HOUR(G30-F30)+MINUTE(G30-F30)/60 -> 0 | K30: =HOUR(J30-I30)+MINUTE(J30-I30)/60 -> 0 | AI30: =IFERROR((AH30-AG30),"") -> 0 | AL30: =IFERROR((AK30-AJ30),"") -> 0 | AO30: =IFERROR((AN30-AM30),"") -> 0 | AR30: =IFERROR((AQ30-AP30),"") -> 0
H31: =HOUR(G31-F31)+MINUTE(G31-F31)/60 -> 0 | K31: =HOUR(J31-I31)+MINUTE(J31-I31)/60 -> 0 | AI31: =IFERROR((AH31-AG31),"") -> 0 | AL31: =IFERROR((AK31-AJ31),"") -> 0 | AO31: =IFERROR((AN31-AM31),"") -> 0 | AR31: =IFERROR((AQ31-AP31),"") -> 0
H32: =HOUR(G32-F32)+MINUTE(G32-F32)/60 -> 0 | K32: =HOUR(J32-I32)+MINUTE(J32-I32)/60 -> 0 | AI32: =IFERROR((AH32-AG32),"") -> 0 | AL32: =IFERROR((AK32-AJ32),"") -> 0 | AO32: =IFERROR((AN32-AM32),"") -> 0 | AR32: =IFERROR((AQ32-AP32),"") -> 0
... H43: =HOUR(G43-F43)+MINUTE(G43-F43)/60 -> 0 | K43: =HOUR(J43-I43)+MINUTE(J43-I43)/60 -> 0 | AI43: =IFERROR((AH43-AG43),"") -> 0 | AL43: =IFERROR((AK43-AJ43),"") -> 0 | AO43: =IFERROR((AN43-AM43),"") -> 0 | AR43: =IFERROR((AQ43-AP43),"") -> 0
B44: Tổng cộng (tấn) | E44: =SUM(E10:E43) -> 37 | F44: Tổng cộng (giờ) | H44: =SUM(H10:H43) -> 6.5 | I44: Tổng cộng (giờ) | K44: =SUM(K10:L43) -> 17.5 | Q44: (Ghi chú: Chất lượng cảm quan chọn: Đ/KĐ) | Y44: Sản phẩm chạy lại (tấn) | AC44: 2 | AG44: Tổng cộng (KW) | AI44: =SUM(AI10:AI43) -> 482 | AJ44: Tổng cộng (Kg) | AL44: =SUM(AL10:AL43) -> 2897 | AM44: Tổng cộng (KW) | AO44: =SUM(AO10:AO43) -> 182 | AP44: Tổng cộng (KW) | AR44: =SUM(AR10:AR43) -> 473
A46: QT-NL-01/BM15…………
A47: Lần ban hành: …06…………
A48: Ngày hiệu lực: …01/10/2025… | I48: Người Báo Cáo :……………………………… | S48: Người Thẩm Tra :…………………………………….
H52: Tồn trước | K52: Tồn sau | R52: Tấn/ngày | T52: Tấn/giờ | W52: KWh ngày | Y52: KWh/tấn | AB52: Kg hơi/ngày | AH52: Kg hơi/tấn | AL52: Nhân viên vận hành | AP52: Người thẩm tra
A53: QT-NL-01/BM15 Lần ban hành: 02 Ngày ban hành: 15/07/2019 | G53: CORN | H53: =SUM('10'!K54:Q54) -> 512 | K53: =H53+R53 -> 524 | R53: =SUMIF($B$10:$B$43,G53,$E$10:$E$43) -> 12 | T53: =IFERROR(R53/SUMIF($B$10:$B$43,G53,$H$10:$H$43),"") -> 8 | W53: =SUMIF($B$10:$B$43,G53,$AI$10:$AI$43)+SUMIF($B$10:$B$43,G53,$AO$10:$AO$43)+SUMIF($B$10:$B$43,G53,$AR$10:$AR$43) -> 294 | Y53: =IFERROR(W53/R53,"") -> 24.5 | AB53: =SUMIF($B$10:$B$43,G53,$AL$10:$AL$43) -> 366 | AH53: =IFERROR(AB53/R53,"") -> 30.5 | AL53: Ca 1 | AM53: thanh | AP53: lê văn lộc
G54: FFS | H54: =SUM('10'!K55:Q55) -> 194 | K54: =H54+R54 -> 219 | R54: =SUMIF($B$10:$B$43,G54,$E$10:$E$43) -> 25 | T54: =IFERROR(R54/SUMIF($B$10:$B$43,G54,$H$10:$H$43),"") -> 5 | W54: =SUMIF($B$10:$B$43,G54,$AI$10:$AI$43)+SUMIF($B$10:$B$43,G54,$AO$10:$AO$43)+SUMIF($B$10:$B$43,G54,$AR$10:$AR$43) -> 843 | Y54: =IFERROR(W54/R54,"") -> 33.72 | AB54: =SUMIF($B$10:$B$43,G54,$AL$10:$AL$43) -> 2531 | AH54: =IFERROR(AB54/R54,"") -> 101.24 | AL54: Ca 2 | AM54: quyết | AP54: Thẩm tra | AQ54: Ngày thẩm tra
G55: TỔNG | H55: =IFERROR(SUM(H53:J54),"") -> 706 | K55: =IFERROR(SUM(K53:Q54),"") -> 743 | R55: =IFERROR(SUM(R53:S54),"") -> 37 | T55: =IFERROR(AVERAGE(T53:U54),"") -> 6.5 | W55: =IFERROR(SUM(W53:X54),"") -> 1137 | Y55: =IFERROR(AVERAGE(Y53:AA54),"") -> 29.11 | AB55: =IFERROR(SUM(AB53:AG54),"") -> 2897 | AH55: =IFERROR(AVERAGE(AH53:AI54),"") -> 65.87 | AL55: Ca 3 | AM55: tính

Sheet 12
A1: CÔNG TY CỔ PHẦN CHĂN NUÔI C.P VIỆT NAM
A2: Chi Nhánh Tại Bình Dương
A3: Phòng Kho Nguyên Liệu
A4: BÁO CÁO VẬN HÀNH VÀ KIỂM SOÁT QUÁ TRÌNH HẤP NGUYÊN LIỆU
Z5: Ngày:.…..12.…../….…06…../…2026….…….
A6: Ca | B6: Nguyên liệu | C6: Từ bồn | D6: Đến bồn | E6: Sản lượng (tấn) | F6: Thời gian chạy | I6: Thời gian ngưng | M6: Lý do ngưng | Q6: KẾT QUẢ KIỂM TRA CHẤT LƯỢNG | Z6: Ampe máy hấp | AA6: % Feeder | AB6: Nhiệt độ hơi (°C) | AC6: Nhiệt độ máy | AG6: Điện sử dụng máy hấp | AJ6: Hơi nóng sử dụng | AM6: Điện sử dụng LINE | AP6: Điện sử dụng máy nghiền
F7: Bắt đầu | G7: Kết thúc | H7: Tổng cộng | I7: Bắt đầu | J7: Kết thúc | K7: Tổng cộng | M7: 1 | O7: 2 | Q7: Mẫu trước hấp | S7: Mẫu sau hấp | AC7: Conditioner | AD7: Extruder | AE7: Môi trường | AG7: Số đầu | AH7: Số cuối | AI7: KWh | AJ7: Số đầu | AK7: Số cuối | AL7: Kg hơi | AM7: Số đầu | AN7: Số cuối | AO7: KWh | AP7: Số đầu | AQ7: Số cuối | AR7: KWh
K8: 1 | L8: 2 | M8: Mã số | N8: Số lần | O8: Mã số | P8: Số lần | S8: Thời gian lấy mẫu | T8: Đậu nành | V8: Bắp | W8: %M | X8: Nhiệt độ Cooler | Y8: Người kiểm tra
T9: Chỉ số PS | U9: Chỉ số Trypsin | V9: Chỉ số Hydro
A10: 1 | H10: =HOUR(G10-F10)+MINUTE(G10-F10)/60 -> 0 | I10: 0.25 | J10: 0.47916667 | K10: =HOUR(J10-I10)+MINUTE(J10-I10)/60 -> 5.5 | M10: 153 | N10: 1 | Q10: Đặc điểm về cảm quang: | AI10: =IFERROR((AH10-AG10),"") -> 0 | AL10: =IFERROR((AK10-AJ10),"") -> 0 | AO10: =IFERROR((AN10-AM10),"") -> 0 | AR10: =IFERROR((AQ10-AP10),"") -> 0
A11: 1 | B11: FFS | C11: 4 | D11: 39 | E11: 13 | F11: 0.47916667 | G11: 0.58333333 | H11: =HOUR(G11-F11)+MINUTE(G11-F11)/60 -> 2.5 | K11: =HOUR(J11-I11)+MINUTE(J11-I11)/60 -> 0 | Q11: 1.Trong chuẩn | R11: v | S11: 0.5 | T11: 78.58 | U11: 9.55 | W11: 10.9 | X11: 33 | Y11: quyết | Z11: 113 | AA11: 63 | AB11: 100 | AC11: 101 | AD11: 133 | AE11: 32 | AG11: 638004 | AH11: 638168 | AI11: =IFERROR((AH11-AG11),"") -> 164 | AJ11: 39613 | AK11: 41037 | AL11: =IFERROR((AK11-AJ11),"") -> 1424 | AM11: 959882 | AN11: 959960 | AO11: =IFERROR((AN11-AM11),"") -> 78 | AP11: 370281 | AQ11: 370451 | AR11: =IFERROR((AQ11-AP11),"") -> 170
H12: =HOUR(G12-F12)+MINUTE(G12-F12)/60 -> 0 | K12: =HOUR(J12-I12)+MINUTE(J12-I12)/60 -> 0 | Q12: 2.Ngoài chuẩn | S12: 0.54166667 | T12: 78.33 | U12: 9.88 | W12: 10.9 | X12: 33 | Y12: quyết | Z12: 109 | AA12: 63 | AB12: 100 | AC12: 101 | AD12: 133 | AE12: 32 | AI12: =IFERROR((AH12-AG12),"") -> 0 | AL12: =IFERROR((AK12-AJ12),"") -> 0 | AO12: =IFERROR((AN12-AM12),"") -> 0 | AR12: =IFERROR((AQ12-AP12),"") -> 0
H13: =HOUR(G13-F13)+MINUTE(G13-F13)/60 -> 0 | K13: =HOUR(J13-I13)+MINUTE(J13-I13)/60 -> 0 | Q13: 3.Loại Lưới : | R13: 2,5mm | AI13: =IFERROR((AH13-AG13),"") -> 0 | AL13: =IFERROR((AK13-AJ13),"") -> 0 | AO13: =IFERROR((AN13-AM13),"") -> 0 | AR13: =IFERROR((AQ13-AP13),"") -> 0
A14: 2 | B14: FFS | C14: 4 | D14: 39 | E14: 13 | F14: 0.58333333 | G14: 0.6875 | H14: =HOUR(G14-F14)+MINUTE(G14-F14)/60 -> 2.5 | I14: 0.6875 | J14: 0.91666667 | K14: =HOUR(J14-I14)+MINUTE(J14-I14)/60 -> 5.5 | M14: 153 | N14: 1 | Q14: 1.Trong chuẩn | R14: v | S14: 0.58333333 | T14: 79.66 | U14: 9.78 | W14: 10.8 | X14: 34 | Y14: quyết | Z14: 116 | AA14: 63 | AB14: 100 | AC14: 102 | AD14: 133 | AE14: 33 | AG14: 638168 | AH14: 638328 | AI14: =IFERROR((AH14-AG14),"") -> 160 | AJ14: 41037 | AK14: 42672 | AL14: =IFERROR((AK14-AJ14),"") -> 1635 | AM14: 959960 | AN14: 960036 | AO14: =IFERROR((AN14-AM14),"") -> 76 | AP14: 370451 | AQ14: 370618 | AR14: =IFERROR((AQ14-AP14),"") -> 167
H15: =HOUR(G15-F15)+MINUTE(G15-F15)/60 -> 0 | K15: =HOUR(J15-I15)+MINUTE(J15-I15)/60 -> 0 | Q15: 2.Ngoài chuẩn | S15: 0.625 | T15: 78.53 | U15: 9.66 | W15: 10.8 | X15: 35 | Y15: quyết | Z15: 114 | AA15: 63 | AB15: 100 | AC15: 101 | AD15: 134 | AE15: 33 | AI15: =IFERROR((AH15-AG15),"") -> 0 | AL15: =IFERROR((AK15-AJ15),"") -> 0 | AO15: =IFERROR((AN15-AM15),"") -> 0 | AR15: =IFERROR((AQ15-AP15),"") -> 0
H16: =HOUR(G16-F16)+MINUTE(G16-F16)/60 -> 0 | K16: =HOUR(J16-I16)+MINUTE(J16-I16)/60 -> 0 | Q16: 3.Loại Lưới : | R16: 2,5mm | S16: 0.66666667 | T16: 77.88 | U16: 9.5 | W16: 10.8 | X16: 34 | Y16: quyết | Z16: 110 | AA16: 63 | AB16: 100 | AC16: 101 | AD16: 134 | AE16: 33 | AI16: =IFERROR((AH16-AG16),"") -> 0 | AL16: =IFERROR((AK16-AJ16),"") -> 0 | AO16: =IFERROR((AN16-AM16),"") -> 0 | AR16: =IFERROR((AQ16-AP16),"") -> 0
A17: 3 | B17: CORN | C17: 1 | D17: 30 | E17: 64 | F17: 0.91666667 | G17: 1.25 | H17: =HOUR(G17-F17)+MINUTE(G17-F17)/60 -> 8 | K17: =HOUR(J17-I17)+MINUTE(J17-I17)/60 -> 0 | Q17: 1.Trong chuẩn | R17: v | S17: 0.95833333 | V17: 40.3 | W17: 12.5 | X17: 33 | Y17: tính | Z17: 130 | AA17: 68 | AB17: 100 | AC17: 101 | AD17: 118 | AE17: 33 | AG17: 44447 | AH17: 45057 | AI17: =IFERROR((AH17-AG17),"") -> 610 | AJ17: 9238630 | AK17: 9242804 | AL17: =IFERROR((AK17-AJ17),"") -> 4174 | AM17: 960036 | AN17: 960288 | AO17: =IFERROR((AN17-AM17),"") -> 252 | AP17: 370618 | AQ17: 371204 | AR17: =IFERROR((AQ17-AP17),"") -> 586
H18: =HOUR(G18-F18)+MINUTE(G18-F18)/60 -> 0 | K18: =HOUR(J18-I18)+MINUTE(J18-I18)/60 -> 0 | Q18: 2.Ngoài chuẩn | S18: 0 | V18: 41.8 | W18: 12.5 | X18: 34 | Y18: tính | Z18: 123 | AA18: 68 | AB18: 100 | AC18: 102 | AD18: 119 | AE18: 33 | AI18: =IFERROR((AH18-AG18),"") -> 0 | AL18: =IFERROR((AK18-AJ18),"") -> 0 | AO18: =IFERROR((AN18-AM18),"") -> 0 | AR18: =IFERROR((AQ18-AP18),"") -> 0
H19: =HOUR(G19-F19)+MINUTE(G19-F19)/60 -> 0 | K19: =HOUR(J19-I19)+MINUTE(J19-I19)/60 -> 0 | Q19: 3.Loại Lưới : | R19: 3,0mm | S19: 0.041666667 | V19: 42.3 | W19: 12.5 | X19: 35 | Y19: tính | Z19: 127 | AA19: 68 | AB19: 100 | AC19: 102 | AD19: 119 | AE19: 32 | AI19: =IFERROR((AH19-AG19),"") -> 0 | AL19: =IFERROR((AK19-AJ19),"") -> 0 | AO19: =IFERROR((AN19-AM19),"") -> 0 | AR19: =IFERROR((AQ19-AP19),"") -> 0
H20: =HOUR(G20-F20)+MINUTE(G20-F20)/60 -> 0 | K20: =HOUR(J20-I20)+MINUTE(J20-I20)/60 -> 0 | S20: 0.083333333 | V20: 40.7 | W20: 12.5 | X20: 35 | Y20: tính | Z20: 115 | AA20: 68 | AB20: 100 | AC20: 101 | AD20: 120 | AE20: 32 | AI20: =IFERROR((AH20-AG20),"") -> 0 | AL20: =IFERROR((AK20-AJ20),"") -> 0 | AO20: =IFERROR((AN20-AM20),"") -> 0 | AR20: =IFERROR((AQ20-AP20),"") -> 0
H21: =HOUR(G21-F21)+MINUTE(G21-F21)/60 -> 0 | K21: =HOUR(J21-I21)+MINUTE(J21-I21)/60 -> 0 | S21: 0.125 | V21: 40.1 | W21: 12.5 | X21: 34 | Y21: tính | Z21: 128 | AA21: 68 | AB21: 100 | AC21: 103 | AD21: 120 | AE21: 32 | AI21: =IFERROR((AH21-AG21),"") -> 0 | AL21: =IFERROR((AK21-AJ21),"") -> 0 | AO21: =IFERROR((AN21-AM21),"") -> 0 | AR21: =IFERROR((AQ21-AP21),"") -> 0
H22: =HOUR(G22-F22)+MINUTE(G22-F22)/60 -> 0 | K22: =HOUR(J22-I22)+MINUTE(J22-I22)/60 -> 0 | S22: 0.16666667 | V22: 41.2 | W22: 12.5 | X22: 35 | Y22: tính | Z22: 132 | AA22: 68 | AB22: 100 | AC22: 102 | AD22: 118 | AE22: 31 | AI22: =IFERROR((AH22-AG22),"") -> 0 | AL22: =IFERROR((AK22-AJ22),"") -> 0 | AO22: =IFERROR((AN22-AM22),"") -> 0 | AR22: =IFERROR((AQ22-AP22),"") -> 0
H23: =HOUR(G23-F23)+MINUTE(G23-F23)/60 -> 0 | K23: =HOUR(J23-I23)+MINUTE(J23-I23)/60 -> 0 | S23: 0.20833333 | V23: 40.6 | W23: 12.5 | X23: 34 | Y23: tính | Z23: 121 | AA23: 68 | AB23: 100 | AC23: 101 | AD23: 119 | AE23: 31 | AI23: =IFERROR((AH23-AG23),"") -> 0 | AL23: =IFERROR((AK23-AJ23),"") -> 0 | AO23: =IFERROR((AN23-AM23),"") -> 0 | AR23: =IFERROR((AQ23-AP23),"") -> 0
H24: =HOUR(G24-F24)+MINUTE(G24-F24)/60 -> 0 | K24: =HOUR(J24-I24)+MINUTE(J24-I24)/60 -> 0 | S24: 0.25 | V24: 40.5 | W24: 12.5 | X24: 34 | Y24: tính | Z24: 127 | AA24: 68 | AB24: 100 | AC24: 102 | AD24: 119 | AE24: 31 | AI24: =IFERROR((AH24-AG24),"") -> 0 | AL24: =IFERROR((AK24-AJ24),"") -> 0 | AO24: =IFERROR((AN24-AM24),"") -> 0 | AR24: =IFERROR((AQ24-AP24),"") -> 0
H25: =HOUR(G25-F25)+MINUTE(G25-F25)/60 -> 0 | K25: =HOUR(J25-I25)+MINUTE(J25-I25)/60 -> 0 | AI25: =IFERROR((AH25-AG25),"") -> 0 | AL25: =IFERROR((AK25-AJ25),"") -> 0 | AO25: =IFERROR((AN25-AM25),"") -> 0 | AR25: =IFERROR((AQ25-AP25),"") -> 0
H26: =HOUR(G26-F26)+MINUTE(G26-F26)/60 -> 0 | K26: =HOUR(J26-I26)+MINUTE(J26-I26)/60 -> 0 | AI26: =IFERROR((AH26-AG26),"") -> 0 | AL26: =IFERROR((AK26-AJ26),"") -> 0 | AO26: =IFERROR((AN26-AM26),"") -> 0 | AR26: =IFERROR((AQ26-AP26),"") -> 0
H27: =HOUR(G27-F27)+MINUTE(G27-F27)/60 -> 0 | K27: =HOUR(J27-I27)+MINUTE(J27-I27)/60 -> 0 | AI27: =IFERROR((AH27-AG27),"") -> 0 | AL27: =IFERROR((AK27-AJ27),"") -> 0 | AO27: =IFERROR((AN27-AM27),"") -> 0 | AR27: =IFERROR((AQ27-AP27),"") -> 0
H28: =HOUR(G28-F28)+MINUTE(G28-F28)/60 -> 0 | K28: =HOUR(J28-I28)+MINUTE(J28-I28)/60 -> 0 | AI28: =IFERROR((AH28-AG28),"") -> 0 | AL28: =IFERROR((AK28-AJ28),"") -> 0 | AO28: =IFERROR((AN28-AM28),"") -> 0 | AR28: =IFERROR((AQ28-AP28),"") -> 0
H29: =HOUR(G29-F29)+MINUTE(G29-F29)/60 -> 0 | K29: =HOUR(J29-I29)+MINUTE(J29-I29)/60 -> 0 | AI29: =IFERROR((AH29-AG29),"") -> 0 | AL29: =IFERROR((AK29-AJ29),"") -> 0 | AO29: =IFERROR((AN29-AM29),"") -> 0 | AR29: =IFERROR((AQ29-AP29),"") -> 0
H30: =HOUR(G30-F30)+MINUTE(G30-F30)/60 -> 0 | K30: =HOUR(J30-I30)+MINUTE(J30-I30)/60 -> 0 | AI30: =IFERROR((AH30-AG30),"") -> 0 | AL30: =IFERROR((AK30-AJ30),"") -> 0 | AO30: =IFERROR((AN30-AM30),"") -> 0 | AR30: =IFERROR((AQ30-AP30),"") -> 0
H31: =HOUR(G31-F31)+MINUTE(G31-F31)/60 -> 0 | K31: =HOUR(J31-I31)+MINUTE(J31-I31)/60 -> 0 | AI31: =IFERROR((AH31-AG31),"") -> 0 | AL31: =IFERROR((AK31-AJ31),"") -> 0 | AO31: =IFERROR((AN31-AM31),"") -> 0 | AR31: =IFERROR((AQ31-AP31),"") -> 0
H32: =HOUR(G32-F32)+MINUTE(G32-F32)/60 -> 0 | K32: =HOUR(J32-I32)+MINUTE(J32-I32)/60 -> 0 | AI32: =IFERROR((AH32-AG32),"") -> 0 | AL32: =IFERROR((AK32-AJ32),"") -> 0 | AO32: =IFERROR((AN32-AM32),"") -> 0 | AR32: =IFERROR((AQ32-AP32),"") -> 0
H33: =HOUR(G33-F33)+MINUTE(G33-F33)/60 -> 0 | K33: =HOUR(J33-I33)+MINUTE(J33-I33)/60 -> 0 | AI33: =IFERROR((AH33-AG33),"") -> 0 | AL33: =IFERROR((AK33-AJ33),"") -> 0 | AO33: =IFERROR((AN33-AM33),"") -> 0 | AR33: =IFERROR((AQ33-AP33),"") -> 0
H34: =HOUR(G34-F34)+MINUTE(G34-F34)/60 -> 0 | K34: =HOUR(J34-I34)+MINUTE(J34-I34)/60 -> 0 | AI34: =IFERROR((AH34-AG34),"") -> 0 | AL34: =IFERROR((AK34-AJ34),"") -> 0 | AO34: =IFERROR((AN34-AM34),"") -> 0 | AR34: =IFERROR((AQ34-AP34),"") -> 0
H35: =HOUR(G35-F35)+MINUTE(G35-F35)/60 -> 0 | K35: =HOUR(J35-I35)+MINUTE(J35-I35)/60 -> 0 | AI35: =IFERROR((AH35-AG35),"") -> 0 | AL35: =IFERROR((AK35-AJ35),"") -> 0 | AO35: =IFERROR((AN35-AM35),"") -> 0 | AR35: =IFERROR((AQ35-AP35),"") -> 0
H36: =HOUR(G36-F36)+MINUTE(G36-F36)/60 -> 0 | K36: =HOUR(J36-I36)+MINUTE(J36-I36)/60 -> 0 | AI36: =IFERROR((AH36-AG36),"") -> 0 | AL36: =IFERROR((AK36-AJ36),"") -> 0 | AO36: =IFERROR((AN36-AM36),"") -> 0 | AR36: =IFERROR((AQ36-AP36),"") -> 0
... H44: =HOUR(G44-F44)+MINUTE(G44-F44)/60 -> 0 | K44: =HOUR(J44-I44)+MINUTE(J44-I44)/60 -> 0 | AI44: =IFERROR((AH44-AG44),"") -> 0 | AL44: =IFERROR((AK44-AJ44),"") -> 0 | AO44: =IFERROR((AN44-AM44),"") -> 0 | AR44: =IFERROR((AQ44-AP44),"") -> 0
A46: QT-NL-01/BM15…………
A47: Lần ban hành: …06…………
A48: Ngày hiệu lực: …01/10/2025… | I48: Người Báo Cáo :……………………………… | S48: Người Thẩm Tra :…………………………………….
B51: Tổng cộng (tấn) | E51: =SUM(E10:E44) -> 90 | F51: Tổng cộng (giờ) | H51: =SUM(H10:H44) -> 13 | I51: Tổng cộng (giờ) | K51: =SUM(K10:L44) -> 11 | Q51: (Ghi chú: Chất lượng cảm quan chọn: Đ/KĐ) | Y51: Sản phẩm chạy lại (tấn) | AC51: 2 | AG51: Tổng cộng (KW) | AI51: =SUM(AI10:AI44) -> 934 | AJ51: Tổng cộng (Kg) | AL51: =SUM(AL10:AL44) -> 7233 | AM51: Tổng cộng (KW) | AO51: =SUM(AO10:AO44) -> 406 | AP51: Tổng cộng (KW) | AR51: =SUM(AR10:AR44) -> 923
H53: Tồn trước | K53: Tồn sau | R53: Tấn/ngày | T53: Tấn/giờ | W53: KWh ngày | Y53: KWh/tấn | AB53: Kg hơi/ngày | AH53: Kg hơi/tấn | AL53: Nhân viên vận hành | AP53: Người thẩm tra
A54: QT-NL-01/BM15 Lần ban hành: 02 Ngày ban hành: 15/07/2019 | G54: CORN | H54: =SUM('11'!K53:Q53) -> 524 | K54: =H54+R54 -> 588 | R54: =SUMIF($B$10:$B$44,G54,$E$10:$E$44) -> 64 | T54: =IFERROR(R54/SUMIF($B$10:$B$44,G54,$H$10:$H$44),"") -> 8 | W54: =SUMIF($B$10:$B$44,G54,$AI$10:$AI$44)+SUMIF($B$10:$B$44,G54,$AO$10:$AO$44)+SUMIF($B$10:$B$44,G54,$AR$10:$AR$44) -> 1448 | Y54: =IFERROR(W54/R54,"") -> 22.625 | AB54: =SUMIF($B$10:$B$44,G54,$AL$10:$AL$44) -> 4174 | AH54: =IFERROR(AB54/R54,"") -> 65.21875 | AL54: Ca 1 | AM54: thanh | AP54: lê văn lộc
G55: FFS | H55: =SUM('11'!K54:Q54) -> 219 | K55: =H55+R55 -> 245 | R55: =SUMIF($B$10:$B$44,G55,$E$10:$E$44) -> 26 | T55: =IFERROR(R55/SUMIF($B$10:$B$44,G55,$H$10:$H$44),"") -> 5.2 | W55: =SUMIF($B$10:$B$44,G55,$AI$10:$AI$44)+SUMIF($B$10:$B$44,G55,$AO$10:$AO$44)+SUMIF($B$10:$B$44,G55,$AR$10:$AR$44) -> 815 | Y55: =IFERROR(W55/R55,"") -> 31.346154 | AB55: =SUMIF($B$10:$B$44,G55,$AL$10:$AL$44) -> 3059 | AH55: =IFERROR(AB55/R55,"") -> 117.65385 | AL55: Ca 2 | AM55: quyết | AP55: Thẩm tra | AQ55: Ngày thẩm tra
G56: TỔNG | H56: =IFERROR(SUM(H54:J55),"") -> 743 | K56: =IFERROR(SUM(K54:Q55),"") -> 833 | R56: =IFERROR(SUM(R54:S55),"") -> 90 | T56: =IFERROR(AVERAGE(T54:U55),"") -> 6.6 | W56: =IFERROR(SUM(W54:X55),"") -> 2263 | Y56: =IFERROR(AVERAGE(Y54:AA55),"") -> 26.985577 | AB56: =IFERROR(SUM(AB54:AG55),"") -> 7233 | AH56: =IFERROR(AVERAGE(AH54:AI55),"") -> 91.436298 | AL56: Ca 3 | AM56: tinh

Sheet 13
A1: CÔNG TY CỔ PHẦN CHĂN NUÔI C.P VIỆT NAM
A2: Chi Nhánh Tại Bình Dương
A3: Phòng Kho Nguyên Liệu
A4: BÁO CÁO VẬN HÀNH VÀ KIỂM SOÁT QUÁ TRÌNH HẤP NGUYÊN LIỆU
Z5: Ngày:.……13…../…06../…2026….…….
A6: Ca | B6: Nguyên liệu | C6: Từ bồn | D6: Đến bồn | E6: Sản lượng (tấn) | F6: Thời gian chạy | I6: Thời gian ngưng | M6: Lý do ngưng | Q6: KẾT QUẢ KIỂM TRA CHẤT LƯỢNG | Z6: Ampe máy hấp | AA6: % Feeder | AB6: Nhiệt độ hơi (°C) | AC6: Nhiệt độ máy | AG6: Điện sử dụng máy hấp | AJ6: Hơi nóng sử dụng | AM6: Điện sử dụng LINE | AP6: Điện sử dụng máy nghiền
F7: Bắt đầu | G7: Kết thúc | H7: Tổng cộng | I7: Bắt đầu | J7: Kết thúc | K7: Tổng cộng | M7: 1 | O7: 2 | Q7: Mẫu trước hấp | S7: Mẫu sau hấp | AC7: Conditioner | AD7: Extruder | AE7: Môi trường | AG7: Số đầu | AH7: Số cuối | AI7: KWh | AJ7: Số đầu | AK7: Số cuối | AL7: Kg hơi | AM7: Số đầu | AN7: Số cuối | AO7: KWh | AP7: Số đầu | AQ7: Số cuối | AR7: KWh
K8: 1 | L8: 2 | M8: Mã số | N8: Số lần | O8: Mã số | P8: Số lần | S8: Thời gian lấy mẫu | T8: Đậu nành | V8: Bắp | W8: %M | X8: Nhiệt độ Cooler | Y8: Người kiểm tra
T9: Chỉ số PS | U9: Chỉ số Trypsin | V9: Chỉ số Hydro
H10: =HOUR(G10-F10)+MINUTE(G10-F10)/60 -> 0 | K10: =HOUR(J10-I10)+MINUTE(J10-I10)/60 -> 0 | Q10: Đặc điểm về cảm quang: | AI10: =IFERROR((AH10-AG10),"") -> 0 | AL10: =IFERROR((AK10-AJ10),"") -> 0 | AO10: =IFERROR((AN10-AM10),"") -> 0 | AR10: =IFERROR((AQ10-AP10),"") -> 0
A11: 1 | B11: CORN | C11: 1 | D11: 30 | E11: 8 | F11: 0.25 | G11: 0.29166667 | H11: =HOUR(G11-F11)+MINUTE(G11-F11)/60 -> 1 | I11: 0.29166667 | J11: 0.58333333 | K11: =HOUR(J11-I11)+MINUTE(J11-I11)/60 -> 7 | M11: 152 | N11: 1 | Q11: 1.Trong chuẩn | R11: v | S11: 0.25 | V11: 40.21 | W11: 12.5 | X11: 33 | Y11: thanh | Z11: 123 | AA11: 68 | AB11: 100 | AC11: 101 | AD11: 119 | AE11: 32 | AG11: 45057 | AH11: 45090 | AI11: =IFERROR((AH11-AG11),"") -> 33 | AJ11: 9242804 | AK11: 9243312 | AL11: =IFERROR((AK11-AJ11),"") -> 508 | AM11: 960288 | AN11: 960328 | AO11: =IFERROR((AN11-AM11),"") -> 40 | AP11: 371204 | AQ11: 371243 | AR11: =IFERROR((AQ11-AP11),"") -> 39
H12: =HOUR(G12-F12)+MINUTE(G12-F12)/60 -> 0 | K12: =HOUR(J12-I12)+MINUTE(J12-I12)/60 -> 0 | Q12: 2.Ngoài chuẩn | S12: 0.29166667 | V12: 40.12 | W12: 12.5 | X12: 33 | Y12: thanh | Z12: 130 | AA12: 67 | AB12: 100 | AC12: 101 | AD12: 119 | AE12: 32 | AI12: =IFERROR((AH12-AG12),"") -> 0 | AL12: =IFERROR((AK12-AJ12),"") -> 0 | AO12: =IFERROR((AN12-AM12),"") -> 0 | AR12: =IFERROR((AQ12-AP12),"") -> 0
H13: =HOUR(G13-F13)+MINUTE(G13-F13)/60 -> 0 | K13: =HOUR(J13-I13)+MINUTE(J13-I13)/60 -> 0 | Q13: 3.Loại Lưới : | R13: 3,0mm | AI13: =IFERROR((AH13-AG13),"") -> 0 | AL13: =IFERROR((AK13-AJ13),"") -> 0 | AO13: =IFERROR((AN13-AM13),"") -> 0 | AR13: =IFERROR((AQ13-AP13),"") -> 0
A14: 2 | H14: =HOUR(G14-F14)+MINUTE(G14-F14)/60 -> 0 | I14: 0.58333333 | J14: 0.91666667 | K14: =HOUR(J14-I14)+MINUTE(J14-I14)/60 -> 8 | M14: 153 | N14: 1 | AI14: =IFERROR((AH14-AG14),"") -> 0 | AL14: =IFERROR((AK14-AJ14),"") -> 0 | AO14: =IFERROR((AN14-AM14),"") -> 0 | AR14: =IFERROR((AQ14-AP14),"") -> 0
A15: 3 | H15: =HOUR(G15-F15)+MINUTE(G15-F15)/60 -> 0 | I15: 0.91666667 | J15: 0.97916667 | K15: =HOUR(J15-I15)+MINUTE(J15-I15)/60 -> 1.5 | M15: 152 | N15: 1 | AI15: =IFERROR((AH15-AG15),"") -> 0 | AL15: =IFERROR((AK15-AJ15),"") -> 0 | AO15: =IFERROR((AN15-AM15),"") -> 0 | AR15: =IFERROR((AQ15-AP15),"") -> 0
A16: 3 | B16: CORN | C16: 1 | D16: 30 | E16: 32 | F16: 0.97916667 | G16: 1.1458333 | H16: =HOUR(G16-F16)+MINUTE(G16-F16)/60 -> 4 | I16: 0.14583333 | J16: 0.25 | K16: =HOUR(J16-I16)+MINUTE(J16-I16)/60 -> 2.5 | M16: 153 | N16: 1 | Q16: 1.Trong chuẩn | R16: v | S16: 0 | V16: 40.3 | W16: 12.5 | X16: 33 | Y16: tính | Z16: 128 | AA16: 68 | AB16: 100 | AC16: 101 | AD16: 119 | AE16: 33 | AG16: 45090 | AH16: 45437 | AI16: =IFERROR((AH16-AG16),"") -> 347 | AJ16: 9243312 | AK16: 9245515 | AL16: =IFERROR((AK16-AJ16),"") -> 2203 | AM16: 960328 | AN16: 960470 | AO16: =IFERROR((AN16-AM16),"") -> 142 | AP16: 371243 | AQ16: 371490 | AR16: =IFERROR((AQ16-AP16),"") -> 247
H17: =HOUR(G17-F17)+MINUTE(G17-F17)/60 -> 0 | K17: =HOUR(J17-I17)+MINUTE(J17-I17)/60 -> 0 | Q17: 2.Ngoài chuẩn | S17: 0.041666667 | V17: 42.5 | W17: 12.5 | X17: 34 | Y17: tính | Z17: 130 | AA17: 68 | AB17: 100 | AC17: 102 | AD17: 118 | AE17: 32 | AI17: =IFERROR((AH17-AG17),"") -> 0 | AL17: =IFERROR((AK17-AJ17),"") -> 0 | AO17: =IFERROR((AN17-AM17),"") -> 0 | AR17: =IFERROR((AQ17-AP17),"") -> 0
H18: =HOUR(G18-F18)+MINUTE(G18-F18)/60 -> 0 | K18: =HOUR(J18-I18)+MINUTE(J18-I18)/60 -> 0 | Q18: 3.Loại Lưới : | R18: 3,0mm | S18: 0.083333333 | V18: 40.9 | W18: 12.5 | X18: 34 | Y18: tính | Z18: 119 | AA18: 68 | AB18: 100 | AC18: 102 | AD18: 118 | AE18: 32 | AI18: =IFERROR((AH18-AG18),"") -> 0 | AL18: =IFERROR((AK18-AJ18),"") -> 0 | AO18: =IFERROR((AN18-AM18),"") -> 0 | AR18: =IFERROR((AQ18-AP18),"") -> 0
H19: =HOUR(G19-F19)+MINUTE(G19-F19)/60 -> 0 | K19: =HOUR(J19-I19)+MINUTE(J19-I19)/60 -> 0 | S19: 0.125 | V19: 41.6 | W19: 12.5 | X19: 35 | Y19: tính | Z19: 127 | AA19: 68 | AB19: 100 | AC19: 101 | AD19: 119 | AE19: 31 | AI19: =IFERROR((AH19-AG19),"") -> 0 | AL19: =IFERROR((AK19-AJ19),"") -> 0 | AO19: =IFERROR((AN19-AM19),"") -> 0 | AR19: =IFERROR((AQ19-AP19),"") -> 0
H20: =HOUR(G20-F20)+MINUTE(G20-F20)/60 -> 0 | K20: =HOUR(J20-I20)+MINUTE(J20-I20)/60 -> 0 | AI20: =IFERROR((AH20-AG20),"") -> 0 | AL20: =IFERROR((AK20-AJ20),"") -> 0 | AO20: =IFERROR((AN20-AM20),"") -> 0 | AR20: =IFERROR((AQ20-AP20),"") -> 0
H21: =HOUR(G21-F21)+MINUTE(G21-F21)/60 -> 0 | K21: =HOUR(J21-I21)+MINUTE(J21-I21)/60 -> 0 | AI21: =IFERROR((AH21-AG21),"") -> 0 | AL21: =IFERROR((AK21-AJ21),"") -> 0 | AO21: =IFERROR((AN21-AM21),"") -> 0 | AR21: =IFERROR((AQ21-AP21),"") -> 0
H22: =HOUR(G22-F22)+MINUTE(G22-F22)/60 -> 0 | K22: =HOUR(J22-I22)+MINUTE(J22-I22)/60 -> 0 | AI22: =IFERROR((AH22-AG22),"") -> 0 | AL22: =IFERROR((AK22-AJ22),"") -> 0 | AO22: =IFERROR((AN22-AM22),"") -> 0 | AR22: =IFERROR((AQ22-AP22),"") -> 0
H23: =HOUR(G23-F23)+MINUTE(G23-F23)/60 -> 0 | K23: =HOUR(J23-I23)+MINUTE(J23-I23)/60 -> 0 | AI23: =IFERROR((AH23-AG23),"") -> 0 | AL23: =IFERROR((AK23-AJ23),"") -> 0 | AO23: =IFERROR((AN23-AM23),"") -> 0 | AR23: =IFERROR((AQ23-AP23),"") -> 0
H24: =HOUR(G24-F24)+MINUTE(G24-F24)/60 -> 0 | K24: =HOUR(J24-I24)+MINUTE(J24-I24)/60 -> 0 | AI24: =IFERROR((AH24-AG24),"") -> 0 | AL24: =IFERROR((AK24-AJ24),"") -> 0 | AO24: =IFERROR((AN24-AM24),"") -> 0 | AR24: =IFERROR((AQ24-AP24),"") -> 0
H25: =HOUR(G25-F25)+MINUTE(G25-F25)/60 -> 0 | K25: =HOUR(J25-I25)+MINUTE(J25-I25)/60 -> 0 | AI25: =IFERROR((AH25-AG25),"") -> 0 | AL25: =IFERROR((AK25-AJ25),"") -> 0 | AO25: =IFERROR((AN25-AM25),"") -> 0 | AR25: =IFERROR((AQ25-AP25),"") -> 0
H26: =HOUR(G26-F26)+MINUTE(G26-F26)/60 -> 0 | K26: =HOUR(J26-I26)+MINUTE(J26-I26)/60 -> 0 | AI26: =IFERROR((AH26-AG26),"") -> 0 | AL26: =IFERROR((AK26-AJ26),"") -> 0 | AO26: =IFERROR((AN26-AM26),"") -> 0 | AR26: =IFERROR((AQ26-AP26),"") -> 0
H27: =HOUR(G27-F27)+MINUTE(G27-F27)/60 -> 0 | K27: =HOUR(J27-I27)+MINUTE(J27-I27)/60 -> 0 | AI27: =IFERROR((AH27-AG27),"") -> 0 | AL27: =IFERROR((AK27-AJ27),"") -> 0 | AO27: =IFERROR((AN27-AM27),"") -> 0 | AR27: =IFERROR((AQ27-AP27),"") -> 0
H28: =HOUR(G28-F28)+MINUTE(G28-F28)/60 -> 0 | K28: =HOUR(J28-I28)+MINUTE(J28-I28)/60 -> 0 | AI28: =IFERROR((AH28-AG28),"") -> 0 | AL28: =IFERROR((AK28-AJ28),"") -> 0 | AO28: =IFERROR((AN28-AM28),"") -> 0 | AR28: =IFERROR((AQ28-AP28),"") -> 0
H29: =HOUR(G29-F29)+MINUTE(G29-F29)/60 -> 0 | K29: =HOUR(J29-I29)+MINUTE(J29-I29)/60 -> 0 | AI29: =IFERROR((AH29-AG29),"") -> 0 | AL29: =IFERROR((AK29-AJ29),"") -> 0 | AO29: =IFERROR((AN29-AM29),"") -> 0 | AR29: =IFERROR((AQ29-AP29),"") -> 0
H30: =HOUR(G30-F30)+MINUTE(G30-F30)/60 -> 0 | K30: =HOUR(J30-I30)+MINUTE(J30-I30)/60 -> 0 | AI30: =IFERROR((AH30-AG30),"") -> 0 | AL30: =IFERROR((AK30-AJ30),"") -> 0 | AO30: =IFERROR((AN30-AM30),"") -> 0 | AR30: =IFERROR((AQ30-AP30),"") -> 0
H31: =HOUR(G31-F31)+MINUTE(G31-F31)/60 -> 0 | K31: =HOUR(J31-I31)+MINUTE(J31-I31)/60 -> 0 | AI31: =IFERROR((AH31-AG31),"") -> 0 | AL31: =IFERROR((AK31-AJ31),"") -> 0 | AO31: =IFERROR((AN31-AM31),"") -> 0 | AR31: =IFERROR((AQ31-AP31),"") -> 0
... H44: =HOUR(G44-F44)+MINUTE(G44-F44)/60 -> 0 | K44: =HOUR(J44-I44)+MINUTE(J44-I44)/60 -> 0 | AI44: =IFERROR((AH44-AG44),"") -> 0 | AL44: =IFERROR((AK44-AJ44),"") -> 0 | AO44: =IFERROR((AN44-AM44),"") -> 0 | AR44: =IFERROR((AQ44-AP44),"") -> 0
A46: QT-NL-01/BM15…………
A47: Lần ban hành: …06…………
A48: Ngày hiệu lực: …01/10/2025… | I48: Người Báo Cáo :……………………………… | S48: Người Thẩm Tra :…………………………………….
B51: Tổng cộng (tấn) | E51: =SUM(E10:E44) -> 40 | F51: Tổng cộng (giờ) | H51: =SUM(H10:H44) -> 5 | I51: Tổng cộng (giờ) | K51: =SUM(K10:L44) -> 19 | Q51: (Ghi chú: Chất lượng cảm quan chọn: Đ/KĐ) | Y51: Sản phẩm chạy lại (tấn) | AG51: Tổng cộng (KW) | AI51: =SUM(AI10:AI44) -> 380 | AJ51: Tổng cộng (Kg) | AL51: =SUM(AL10:AL44) -> 2711 | AM51: Tổng cộng (KW) | AO51: =SUM(AO10:AO44) -> 182 | AP51: Tổng cộng (KW) | AR51: =SUM(AR10:AR44) -> 286
H53: Tồn trước | K53: Tồn sau | R53: Tấn/ngày | T53: Tấn/giờ | W53: KWh ngày | Y53: KWh/tấn | AB53: Kg hơi/ngày | AH53: Kg hơi/tấn | AL53: Nhân viên vận hành | AP53: Người thẩm tra
A54: QT-NL-01/BM15 Lần ban hành: 02 Ngày ban hành: 15/07/2019 | G54: CORN | H54: =SUM('12'!K54:Q54) -> 588 | K54: =H54+R54 -> 628 | R54: =SUMIF($B$10:$B$44,G54,$E$10:$E$44) -> 40 | T54: =IFERROR(R54/SUMIF($B$10:$B$44,G54,$H$10:$H$44),"") -> 8 | W54: =SUMIF($B$10:$B$44,G54,$AI$10:$AI$44)+SUMIF($B$10:$B$44,G54,$AO$10:$AO$44)+SUMIF($B$10:$B$44,G54,$AR$10:$AR$44) -> 848 | Y54: =IFERROR(W54/R54,"") -> 21.2 | AB54: =SUMIF($B$10:$B$44,G54,$AL$10:$AL$44) -> 2711 | AH54: =IFERROR(AB54/R54,"") -> 67.775 | AL54: Ca 1 | AM54: thanh | AP54: lê văn lộc
G55: FFS | H55: =SUM('12'!K55:Q55) -> 245 | K55: =H55+R55 -> 245 | R55: =SUMIF($B$10:$B$44,G55,$E$10:$E$44) -> 0 | T55: =IFERROR(R55/SUMIF($B$10:$B$44,G55,$H$10:$H$44),"") | W55: =SUMIF($B$10:$B$44,G55,$AI$10:$AI$44)+SUMIF($B$10:$B$44,G55,$AO$10:$AO$44)+SUMIF($B$10:$B$44,G55,$AR$10:$AR$44) -> 0 | Y55: =IFERROR(W55/R55,"") | AB55: =SUMIF($B$10:$B$44,G55,$AL$10:$AL$44) -> 0 | AH55: =IFERROR(AB55/R55,"") | AL55: Ca 2 | AM55: quyết | AP55: Thẩm tra | AQ55: Ngày thẩm tra
G56: TỔNG | H56: =IFERROR(SUM(H54:J55),"") -> 833 | K56: =IFERROR(SUM(K54:Q55),"") -> 873 | R56: =IFERROR(SUM(R54:S55),"") -> 40 | T56: =IFERROR(AVERAGE(T54:U55),"") -> 8 | W56: =IFERROR(SUM(W54:X55),"") -> 848 | Y56: =IFERROR(AVERAGE(Y54:AA55),"") -> 21.2 | AB56: =IFERROR(SUM(AB54:AG55),"") -> 2711 | AH56: =IFERROR(AVERAGE(AH54:AI55),"") -> 67.775 | AL56: Ca 3 | AM56: tinh

Sheet 14
A1: CÔNG TY CỔ PHẦN CHĂN NUÔI C.P VIỆT NAM
A2: Chi Nhánh Tại Bình Dương
A3: Phòng Kho Nguyên Liệu
A4: BÁO CÁO VẬN HÀNH VÀ KIỂM SOÁT QUÁ TRÌNH HẤP NGUYÊN LIỆU
Z5: Ngày:.…..14.…../….…06.../…….…2026.
A6: Ca | B6: Nguyên liệu | C6: Từ bồn | D6: Đến bồn | E6: Sản lượng (tấn) | F6: Thời gian chạy | I6: Thời gian ngưng | M6: Lý do ngưng | Q6: KẾT QUẢ KIỂM TRA CHẤT LƯỢNG | Z6: Ampe máy hấp | AA6: % Feeder | AB6: Nhiệt độ hơi (°C) | AC6: Nhiệt độ máy | AG6: Điện sử dụng máy hấp | AJ6: Hơi nóng sử dụng | AM6: Điện sử dụng LINE | AP6: Điện sử dụng máy nghiền
F7: Bắt đầu | G7: Kết thúc | H7: Tổng cộng | I7: Bắt đầu | J7: Kết thúc | K7: Tổng cộng | M7: 1 | O7: 2 | Q7: Mẫu trước hấp | S7: Mẫu sau hấp | AC7: Conditioner | AD7: Extruder | AE7: Môi trường | AG7: Số đầu | AH7: Số cuối | AI7: KWh | AJ7: Số đầu | AK7: Số cuối | AL7: Kg hơi | AM7: Số đầu | AN7: Số cuối | AO7: KWh | AP7: Số đầu | AQ7: Số cuối | AR7: KWh
K8: 1 | L8: 2 | M8: Mã số | N8: Số lần | O8: Mã số | P8: Số lần | S8: Thời gian lấy mẫu | T8: Đậu nành | V8: Bắp | W8: %M | X8: Nhiệt độ Cooler | Y8: Người kiểm tra
T9: Chỉ số PS | U9: Chỉ số Trypsin | V9: Chỉ số Hydro
H10: =HOUR(G10-F10)+MINUTE(G10-F10)/60 -> 0 | K10: =HOUR(J10-I10)+MINUTE(J10-I10)/60 -> 0 | Q10: Đặc điểm về cảm quang: | AI10: =IFERROR((AH10-AG10),"") -> 0 | AL10: =IFERROR((AK10-AJ10),"") -> 0 | AO10: =IFERROR((AN10-AM10),"") -> 0 | AR10: =IFERROR((AQ10-AP10),"") -> 0
H11: =HOUR(G11-F11)+MINUTE(G11-F11)/60 -> 0 | K11: =HOUR(J11-I11)+MINUTE(J11-I11)/60 -> 0 | Q11: 1.Trong chuẩn | R11: v | AI11: =IFERROR((AH11-AG11),"") -> 0 | AL11: =IFERROR((AK11-AJ11),"") -> 0 | AO11: =IFERROR((AN11-AM11),"") -> 0 | AR11: =IFERROR((AQ11-AP11),"") -> 0
H12: =HOUR(G12-F12)+MINUTE(G12-F12)/60 -> 0 | K12: =HOUR(J12-I12)+MINUTE(J12-I12)/60 -> 0 | Q12: 2.Ngoài chuẩn | AI12: =IFERROR((AH12-AG12),"") -> 0 | AL12: =IFERROR((AK12-AJ12),"") -> 0 | AO12: =IFERROR((AN12-AM12),"") -> 0 | AR12: =IFERROR((AQ12-AP12),"") -> 0
H13: =HOUR(G13-F13)+MINUTE(G13-F13)/60 -> 0 | K13: =HOUR(J13-I13)+MINUTE(J13-I13)/60 -> 0 | Q13: 3.Loại Lưới : | R13: 2,5 mm | AI13: =IFERROR((AH13-AG13),"") -> 0 | AL13: =IFERROR((AK13-AJ13),"") -> 0 | AO13: =IFERROR((AN13-AM13),"") -> 0 | AR13: =IFERROR((AQ13-AP13),"") -> 0
H14: =HOUR(G14-F14)+MINUTE(G14-F14)/60 -> 0 | K14: =HOUR(J14-I14)+MINUTE(J14-I14)/60 -> 0 | AI14: =IFERROR((AH14-AG14),"") -> 0 | AL14: =IFERROR((AK14-AJ14),"") -> 0 | AO14: =IFERROR((AN14-AM14),"") -> 0 | AR14: =IFERROR((AQ14-AP14),"") -> 0
H15: =HOUR(G15-F15)+MINUTE(G15-F15)/60 -> 0 | K15: =HOUR(J15-I15)+MINUTE(J15-I15)/60 -> 0 | AI15: =IFERROR((AH15-AG15),"") -> 0 | AL15: =IFERROR((AK15-AJ15),"") -> 0 | AO15: =IFERROR((AN15-AM15),"") -> 0 | AR15: =IFERROR((AQ15-AP15),"") -> 0
H16: =HOUR(G16-F16)+MINUTE(G16-F16)/60 -> 0 | K16: =HOUR(J16-I16)+MINUTE(J16-I16)/60 -> 0 | AI16: =IFERROR((AH16-AG16),"") -> 0 | AL16: =IFERROR((AK16-AJ16),"") -> 0 | AO16: =IFERROR((AN16-AM16),"") -> 0 | AR16: =IFERROR((AQ16-AP16),"") -> 0
H17: =HOUR(G17-F17)+MINUTE(G17-F17)/60 -> 0 | K17: =HOUR(J17-I17)+MINUTE(J17-I17)/60 -> 0 | AI17: =IFERROR((AH17-AG17),"") -> 0 | AL17: =IFERROR((AK17-AJ17),"") -> 0 | AO17: =IFERROR((AN17-AM17),"") -> 0 | AR17: =IFERROR((AQ17-AP17),"") -> 0
H18: =HOUR(G18-F18)+MINUTE(G18-F18)/60 -> 0 | K18: =HOUR(J18-I18)+MINUTE(J18-I18)/60 -> 0 | AI18: =IFERROR((AH18-AG18),"") -> 0 | AL18: =IFERROR((AK18-AJ18),"") -> 0 | AO18: =IFERROR((AN18-AM18),"") -> 0 | AR18: =IFERROR((AQ18-AP18),"") -> 0
H19: =HOUR(G19-F19)+MINUTE(G19-F19)/60 -> 0 | K19: =HOUR(J19-I19)+MINUTE(J19-I19)/60 -> 0 | AI19: =IFERROR((AH19-AG19),"") -> 0 | AL19: =IFERROR((AK19-AJ19),"") -> 0 | AO19: =IFERROR((AN19-AM19),"") -> 0 | AR19: =IFERROR((AQ19-AP19),"") -> 0
H20: =HOUR(G20-F20)+MINUTE(G20-F20)/60 -> 0 | K20: =HOUR(J20-I20)+MINUTE(J20-I20)/60 -> 0 | AI20: =IFERROR((AH20-AG20),"") -> 0 | AL20: =IFERROR((AK20-AJ20),"") -> 0 | AO20: =IFERROR((AN20-AM20),"") -> 0 | AR20: =IFERROR((AQ20-AP20),"") -> 0
H21: =HOUR(G21-F21)+MINUTE(G21-F21)/60 -> 0 | K21: =HOUR(J21-I21)+MINUTE(J21-I21)/60 -> 0 | AI21: =IFERROR((AH21-AG21),"") -> 0 | AL21: =IFERROR((AK21-AJ21),"") -> 0 | AO21: =IFERROR((AN21-AM21),"") -> 0 | AR21: =IFERROR((AQ21-AP21),"") -> 0
H22: =HOUR(G22-F22)+MINUTE(G22-F22)/60 -> 0 | K22: =HOUR(J22-I22)+MINUTE(J22-I22)/60 -> 0 | AI22: =IFERROR((AH22-AG22),"") -> 0 | AL22: =IFERROR((AK22-AJ22),"") -> 0 | AO22: =IFERROR((AN22-AM22),"") -> 0 | AR22: =IFERROR((AQ22-AP22),"") -> 0
H23: =HOUR(G23-F23)+MINUTE(G23-F23)/60 -> 0 | K23: =HOUR(J23-I23)+MINUTE(J23-I23)/60 -> 0 | AI23: =IFERROR((AH23-AG23),"") -> 0 | AL23: =IFERROR((AK23-AJ23),"") -> 0 | AO23: =IFERROR((AN23-AM23),"") -> 0 | AR23: =IFERROR((AQ23-AP23),"") -> 0
H24: =HOUR(G24-F24)+MINUTE(G24-F24)/60 -> 0 | K24: =HOUR(J24-I24)+MINUTE(J24-I24)/60 -> 0 | AI24: =IFERROR((AH24-AG24),"") -> 0 | AL24: =IFERROR((AK24-AJ24),"") -> 0 | AO24: =IFERROR((AN24-AM24),"") -> 0 | AR24: =IFERROR((AQ24-AP24),"") -> 0
H25: =HOUR(G25-F25)+MINUTE(G25-F25)/60 -> 0 | K25: =HOUR(J25-I25)+MINUTE(J25-I25)/60 -> 0 | AI25: =IFERROR((AH25-AG25),"") -> 0 | AL25: =IFERROR((AK25-AJ25),"") -> 0 | AO25: =IFERROR((AN25-AM25),"") -> 0 | AR25: =IFERROR((AQ25-AP25),"") -> 0
... H44: =HOUR(G44-F44)+MINUTE(G44-F44)/60 -> 0 | K44: =HOUR(J44-I44)+MINUTE(J44-I44)/60 -> 0 | AI44: =IFERROR((AH44-AG44),"") -> 0 | AL44: =IFERROR((AK44-AJ44),"") -> 0 | AO44: =IFERROR((AN44-AM44),"") -> 0 | AR44: =IFERROR((AQ44-AP44),"") -> 0
A46: QT-NL-01/BM15…………
A47: Lần ban hành: …06…………
A48: Ngày hiệu lực: …01/10/2025… | I48: Người Báo Cáo :……………………………… | S48: Người Thẩm Tra :…………………………………….
B51: Tổng cộng (tấn) | E51: =SUM(E10:E44) -> 0 | F51: Tổng cộng (giờ) | H51: =SUM(H10:H44) -> 0 | I51: Tổng cộng (giờ) | K51: =SUM(K10:L44) -> 0 | Q51: (Ghi chú: Chất lượng cảm quan chọn: Đ/KĐ) | Y51: Sản phẩm chạy lại (tấn) | AG51: Tổng cộng (KW) | AI51: =SUM(AI10:AI44) -> 0 | AJ51: Tổng cộng (Kg) | AL51: =SUM(AL10:AL44) -> 0 | AM51: Tổng cộng (KW) | AO51: =SUM(AO10:AO44) -> 0 | AP51: Tổng cộng (KW) | AR51: =SUM(AR10:AR44) -> 0
H53: Tồn trước | K53: Tồn sau | R53: Tấn/ngày | T53: Tấn/giờ | W53: KWh ngày | Y53: KWh/tấn | AB53: Kg hơi/ngày | AH53: Kg hơi/tấn | AL53: Nhân viên vận hành | AP53: Người thẩm tra
A54: QT-NL-01/BM15 Lần ban hành: 02 Ngày ban hành: 15/07/2019 | G54: CORN | H54: =SUM('13'!K54:Q54) -> 628 | K54: =H54+R54 -> 628 | R54: =SUMIF($B$10:$B$44,G54,$E$10:$E$44) -> 0 | T54: =IFERROR(R54/SUMIF($B$10:$B$44,G54,$H$10:$H$44),"") | W54: =SUMIF($B$10:$B$44,G54,$AI$10:$AI$44)+SUMIF($B$10:$B$44,G54,$AO$10:$AO$44)+SUMIF($B$10:$B$44,G54,$AR$10:$AR$44) -> 0 | Y54: =IFERROR(W54/R54,"") | AB54: =SUMIF($B$10:$B$44,G54,$AL$10:$AL$44) -> 0 | AH54: =IFERROR(AB54/R54,"") | AL54: Ca 1 | AM54: quyết | AP54: lê văn lộc
G55: FFS | H55: =SUM('13'!K55:Q55) -> 245 | K55: =H55+R55 -> 245 | R55: =SUMIF($B$10:$B$44,G55,$E$10:$E$44) -> 0 | T55: =IFERROR(R55/SUMIF($B$10:$B$44,G55,$H$10:$H$44),"") | W55: =SUMIF($B$10:$B$44,G55,$AI$10:$AI$44)+SUMIF($B$10:$B$44,G55,$AO$10:$AO$44)+SUMIF($B$10:$B$44,G55,$AR$10:$AR$44) -> 0 | Y55: =IFERROR(W55/R55,"") | AB55: =SUMIF($B$10:$B$44,G55,$AL$10:$AL$44) -> 0 | AH55: =IFERROR(AB55/R55,"") | AL55: Ca 2 | AP55: Thẩm tra | AQ55: Ngày thẩm tra
G56: TỔNG | H56: =IFERROR(SUM(H54:J55),"") -> 873 | K56: =IFERROR(SUM(K54:Q55),"") -> 873 | R56: =IFERROR(SUM(R54:S55),"") -> 0 | T56: =IFERROR(AVERAGE(T54:U55),"") | W56: =IFERROR(SUM(W54:X55),"") -> 0 | Y56: =IFERROR(AVERAGE(Y54:AA55),"") | AB56: =IFERROR(SUM(AB54:AG55),"") -> 0 | AH56: =IFERROR(AVERAGE(AH54:AI55),"") | AL56: Ca 3 | AM56: tính

Sheet 15
A1: CÔNG TY CỔ PHẦN CHĂN NUÔI C.P VIỆT NAM
A2: Chi Nhánh Tại Bình Dương
A3: Phòng Kho Nguyên Liệu
A4: BÁO CÁO VẬN HÀNH VÀ KIỂM SOÁT QUÁ TRÌNH HẤP NGUYÊN LIỆU
Z5: Ngày:.…15...…../…06../……2026…….
A6: Ca | B6: Nguyên liệu | C6: Từ bồn | D6: Đến bồn | E6: Sản lượng (tấn) | F6: Thời gian chạy | I6: Thời gian ngưng | M6: Lý do ngưng | Q6: KẾT QUẢ KIỂM TRA CHẤT LƯỢNG | Z6: Ampe máy hấp | AA6: % Feeder | AB6: Nhiệt độ hơi (°C) | AC6: Nhiệt độ máy | AG6: Điện sử dụng máy hấp | AJ6: Hơi nóng sử dụng | AM6: Điện sử dụng LINE | AP6: Điện sử dụng máy nghiền
F7: Bắt đầu | G7: Kết thúc | H7: Tổng cộng | I7: Bắt đầu | J7: Kết thúc | K7: Tổng cộng | M7: 1 | O7: 2 | Q7: Mẫu trước hấp | S7: Mẫu sau hấp | AC7: Conditioner | AD7: Extruder | AE7: Môi trường | AG7: Số đầu | AH7: Số cuối | AI7: KWh | AJ7: Số đầu | AK7: Số cuối | AL7: Kg hơi | AM7: Số đầu | AN7: Số cuối | AO7: KWh | AP7: Số đầu | AQ7: Số cuối | AR7: KWh
K8: 1 | L8: 2 | M8: Mã số | N8: Số lần | O8: Mã số | P8: Số lần | S8: Thời gian lấy mẫu | T8: Đậu nành | V8: Bắp | W8: %M | X8: Nhiệt độ Cooler | Y8: Người kiểm tra
T9: Chỉ số PS | U9: Chỉ số Trypsin | V9: Chỉ số Hydro
A10: 1 | H10: =HOUR(G10-F10)+MINUTE(G10-F10)/60 -> 0 | I10: 0.25 | J10: 0.47916667 | K10: =HOUR(J10-I10)+MINUTE(J10-I10)/60 -> 5.5 | M10: 153 | N10: 1 | Q10: Đặc điểm về cảm quang: | AI10: =IFERROR((AH10-AG10),"") -> 0 | AL10: =IFERROR((AK10-AJ10),"") -> 0 | AO10: =IFERROR((AN10-AM10),"") -> 0 | AR10: =IFERROR((AQ10-AP10),"") -> 0
A11: 1 | B11: FFS | C11: 4 | D11: 39 | E11: 13 | F11: 0.47916667 | G11: 0.58333333 | H11: =HOUR(G11-F11)+MINUTE(G11-F11)/60 -> 2.5 | K11: =HOUR(J11-I11)+MINUTE(J11-I11)/60 -> 0 | Q11: 1.Trong chuẩn | R11: v | S11: 0.5 | T11: 78.9 | U11: 9.3 | W11: 10.8 | X11: 34 | Y11: tính | Z11: 122 | AA11: 60 | AB11: 100 | AC11: 101 | AD11: 133 | AE11: 33 | AG11: 638328 | AH11: 638450 | AI11: =IFERROR((AH11-AG11),"") -> 122 | AJ11: 42672 | AK11: 43833 | AL11: =IFERROR((AK11-AJ11),"") -> 1161 | AM11: 960470 | AN11: 960505 | AO11: =IFERROR((AN11-AM11),"") -> 35 | AP11: 371490 | AQ11: 371721 | AR11: =IFERROR((AQ11-AP11),"") -> 231
H12: =HOUR(G12-F12)+MINUTE(G12-F12)/60 -> 0 | K12: =HOUR(J12-I12)+MINUTE(J12-I12)/60 -> 0 | Q12: 2.Ngoài chuẩn | S12: 0.54166667 | T12: 80.4 | U12: 8.8 | W12: 10.8 | X12: 35 | Y12: tính | Z12: 115 | AA12: 60 | AB12: 100 | AC12: 102 | AD12: 133 | AE12: 34 | AI12: =IFERROR((AH12-AG12),"") -> 0 | AL12: =IFERROR((AK12-AJ12),"") -> 0 | AO12: =IFERROR((AN12-AM12),"") -> 0 | AR12: =IFERROR((AQ12-AP12),"") -> 0
H13: =HOUR(G13-F13)+MINUTE(G13-F13)/60 -> 0 | K13: =HOUR(J13-I13)+MINUTE(J13-I13)/60 -> 0 | Q13: 3.Loại Lưới : | R13: 2,5mm | S13: 0.58333333 | T13: 79.5 | U13: 9.4 | W13: 10.8 | X13: 35 | Y13: tính | Z13: 108 | AA13: 60 | AB13: 100 | AC13: 101 | AD13: 134 | AE13: 34 | AI13: =IFERROR((AH13-AG13),"") -> 0 | AL13: =IFERROR((AK13-AJ13),"") -> 0 | AO13: =IFERROR((AN13-AM13),"") -> 0 | AR13: =IFERROR((AQ13-AP13),"") -> 0
A14: 2 | B14: FFS | C14: 4 | D14: 39 | E14: 13 | F14: 0.58333333 | G14: 0.70833333 | H14: =HOUR(G14-F14)+MINUTE(G14-F14)/60 -> 3 | I14: 0.70833333 | J14: 0.91666667 | K14: =HOUR(J14-I14)+MINUTE(J14-I14)/60 -> 5 | M14: 153 | N14: 1 | Q14: 1.Trong chuẩn | R14: v | S14: 0.58333333 | T14: 79.46 | U14: 9.78 | W14: 10.8 | X14: 34 | Y14: quyết | Z14: 116 | AA14: 60 | AB14: 100 | AC14: 102 | AD14: 133 | AE14: 33 | AG14: 638450 | AH14: 638599 | AI14: =IFERROR((AH14-AG14),"") -> 149 | AJ14: 43833 | AK14: 45055 | AL14: =IFERROR((AK14-AJ14),"") -> 1222 | AM14: 960505 | AN14: 960545 | AO14: =IFERROR((AN14-AM14),"") -> 40 | AP14: 371721 | AQ14: 371971 | AR14: =IFERROR((AQ14-AP14),"") -> 250
H15: =HOUR(G15-F15)+MINUTE(G15-F15)/60 -> 0 | K15: =HOUR(J15-I15)+MINUTE(J15-I15)/60 -> 0 | Q15: 2.Ngoài chuẩn | S15: 0.625 | T15: 78.44 | U15: 8.9 | W15: 10.8 | X15: 35 | Y15: quyết | Z15: 114 | AA15: 60 | AB15: 100 | AC15: 101 | AD15: 134 | AE15: 33 | AI15: =IFERROR((AH15-AG15),"") -> 0 | AL15: =IFERROR((AK15-AJ15),"") -> 0 | AO15: =IFERROR((AN15-AM15),"") -> 0 | AR15: =IFERROR((AQ15-AP15),"") -> 0
H16: =HOUR(G16-F16)+MINUTE(G16-F16)/60 -> 0 | K16: =HOUR(J16-I16)+MINUTE(J16-I16)/60 -> 0 | Q16: 3.Loại Lưới : | R16: 2,5mm | S16: 0.66666667 | T16: 77.88 | U16: 9.6 | W16: 10.8 | X16: 34 | Y16: quyết | Z16: 110 | AA16: 60 | AB16: 100 | AC16: 101 | AD16: 134 | AE16: 33 | AI16: =IFERROR((AH16-AG16),"") -> 0 | AL16: =IFERROR((AK16-AJ16),"") -> 0 | AO16: =IFERROR((AN16-AM16),"") -> 0 | AR16: =IFERROR((AQ16-AP16),"") -> 0
A17: 3 | H17: =HOUR(G17-F17)+MINUTE(G17-F17)/60 -> 0 | I17: 0.91666667 | J17: 1.25 | K17: =HOUR(J17-I17)+MINUTE(J17-I17)/60 -> 8 | M17: 153 | N17: 1 | AI17: =IFERROR((AH17-AG17),"") -> 0 | AL17: =IFERROR((AK17-AJ17),"") -> 0 | AO17: =IFERROR((AN17-AM17),"") -> 0 | AR17: =IFERROR((AQ17-AP17),"") -> 0
H18: =HOUR(G18-F18)+MINUTE(G18-F18)/60 -> 0 | K18: =HOUR(J18-I18)+MINUTE(J18-I18)/60 -> 0 | AI18: =IFERROR((AH18-AG18),"") -> 0 | AL18: =IFERROR((AK18-AJ18),"") -> 0 | AO18: =IFERROR((AN18-AM18),"") -> 0 | AR18: =IFERROR((AQ18-AP18),"") -> 0
H19: =HOUR(G19-F19)+MINUTE(G19-F19)/60 -> 0 | K19: =HOUR(J19-I19)+MINUTE(J19-I19)/60 -> 0 | AI19: =IFERROR((AH19-AG19),"") -> 0 | AL19: =IFERROR((AK19-AJ19),"") -> 0 | AO19: =IFERROR((AN19-AM19),"") -> 0 | AR19: =IFERROR((AQ19-AP19),"") -> 0
H20: =HOUR(G20-F20)+MINUTE(G20-F20)/60 -> 0 | K20: =HOUR(J20-I20)+MINUTE(J20-I20)/60 -> 0 | AI20: =IFERROR((AH20-AG20),"") -> 0 | AL20: =IFERROR((AK20-AJ20),"") -> 0 | AO20: =IFERROR((AN20-AM20),"") -> 0 | AR20: =IFERROR((AQ20-AP20),"") -> 0
H21: =HOUR(G21-F21)+MINUTE(G21-F21)/60 -> 0 | K21: =HOUR(J21-I21)+MINUTE(J21-I21)/60 -> 0 | AI21: =IFERROR((AH21-AG21),"") -> 0 | AL21: =IFERROR((AK21-AJ21),"") -> 0 | AO21: =IFERROR((AN21-AM21),"") -> 0 | AR21: =IFERROR((AQ21-AP21),"") -> 0
H22: =HOUR(G22-F22)+MINUTE(G22-F22)/60 -> 0 | K22: =HOUR(J22-I22)+MINUTE(J22-I22)/60 -> 0 | AI22: =IFERROR((AH22-AG22),"") -> 0 | AL22: =IFERROR((AK22-AJ22),"") -> 0 | AO22: =IFERROR((AN22-AM22),"") -> 0 | AR22: =IFERROR((AQ22-AP22),"") -> 0
H23: =HOUR(G23-F23)+MINUTE(G23-F23)/60 -> 0 | K23: =HOUR(J23-I23)+MINUTE(J23-I23)/60 -> 0 | AI23: =IFERROR((AH23-AG23),"") -> 0 | AL23: =IFERROR((AK23-AJ23),"") -> 0 | AO23: =IFERROR((AN23-AM23),"") -> 0 | AR23: =IFERROR((AQ23-AP23),"") -> 0
H24: =HOUR(G24-F24)+MINUTE(G24-F24)/60 -> 0 | K24: =HOUR(J24-I24)+MINUTE(J24-I24)/60 -> 0 | AI24: =IFERROR((AH24-AG24),"") -> 0 | AL24: =IFERROR((AK24-AJ24),"") -> 0 | AO24: =IFERROR((AN24-AM24),"") -> 0 | AR24: =IFERROR((AQ24-AP24),"") -> 0
H25: =HOUR(G25-F25)+MINUTE(G25-F25)/60 -> 0 | K25: =HOUR(J25-I25)+MINUTE(J25-I25)/60 -> 0 | AI25: =IFERROR((AH25-AG25),"") -> 0 | AL25: =IFERROR((AK25-AJ25),"") -> 0 | AO25: =IFERROR((AN25-AM25),"") -> 0 | AR25: =IFERROR((AQ25-AP25),"") -> 0
H26: =HOUR(G26-F26)+MINUTE(G26-F26)/60 -> 0 | K26: =HOUR(J26-I26)+MINUTE(J26-I26)/60 -> 0 | AI26: =IFERROR((AH26-AG26),"") -> 0 | AL26: =IFERROR((AK26-AJ26),"") -> 0 | AO26: =IFERROR((AN26-AM26),"") -> 0 | AR26: =IFERROR((AQ26-AP26),"") -> 0
H27: =HOUR(G27-F27)+MINUTE(G27-F27)/60 -> 0 | K27: =HOUR(J27-I27)+MINUTE(J27-I27)/60 -> 0 | AI27: =IFERROR((AH27-AG27),"") -> 0 | AL27: =IFERROR((AK27-AJ27),"") -> 0 | AO27: =IFERROR((AN27-AM27),"") -> 0 | AR27: =IFERROR((AQ27-AP27),"") -> 0
H28: =HOUR(G28-F28)+MINUTE(G28-F28)/60 -> 0 | K28: =HOUR(J28-I28)+MINUTE(J28-I28)/60 -> 0 | AI28: =IFERROR((AH28-AG28),"") -> 0 | AL28: =IFERROR((AK28-AJ28),"") -> 0 | AO28: =IFERROR((AN28-AM28),"") -> 0 | AR28: =IFERROR((AQ28-AP28),"") -> 0
H29: =HOUR(G29-F29)+MINUTE(G29-F29)/60 -> 0 | K29: =HOUR(J29-I29)+MINUTE(J29-I29)/60 -> 0 | AI29: =IFERROR((AH29-AG29),"") -> 0 | AL29: =IFERROR((AK29-AJ29),"") -> 0 | AO29: =IFERROR((AN29-AM29),"") -> 0 | AR29: =IFERROR((AQ29-AP29),"") -> 0
... H44: =HOUR(G44-F44)+MINUTE(G44-F44)/60 -> 0 | K44: =HOUR(J44-I44)+MINUTE(J44-I44)/60 -> 0 | AI44: =IFERROR((AH44-AG44),"") -> 0 | AL44: =IFERROR((AK44-AJ44),"") -> 0 | AO44: =IFERROR((AN44-AM44),"") -> 0 | AR44: =IFERROR((AQ44-AP44),"") -> 0
A46: QT-NL-01/BM15…………
A47: Lần ban hành: …06…………
A48: Ngày hiệu lực: …01/10/2025… | I48: Người Báo Cáo :……………………………… | S48: Người Thẩm Tra :…………………………………….
B51: Tổng cộng (tấn) | E51: =SUM(E10:E44) -> 26 | F51: Tổng cộng (giờ) | H51: =SUM(H10:H44) -> 5.5 | I51: Tổng cộng (giờ) | K51: =SUM(K10:L44) -> 18.5 | Q51: (Ghi chú: Chất lượng cảm quan chọn: Đ/KĐ) | Y51: Sản phẩm chạy lại (tấn) | AC51: 2 | AG51: Tổng cộng (KW) | AI51: =SUM(AI10:AI44) -> 271 | AJ51: Tổng cộng (Kg) | AL51: =SUM(AL10:AL44) -> 2383 | AM51: Tổng cộng (KW) | AO51: =SUM(AO10:AO44) -> 75 | AP51: Tổng cộng (KW) | AR51: =SUM(AR10:AR44) -> 481
H53: Tồn trước | K53: Tồn sau | R53: Tấn/ngày | T53: Tấn/giờ | W53: KWh ngày | Y53: KWh/tấn | AB53: Kg hơi/ngày | AH53: Kg hơi/tấn | AL53: Nhân viên vận hành | AP53: Người thẩm tra
A54: QT-NL-01/BM15 Lần ban hành: 02 Ngày ban hành: 15/07/2019 | G54: CORN | H54: =SUM('14'!K54:Q54) -> 628 | K54: =H54+R54 -> 628 | R54: =SUMIF($B$10:$B$44,G54,$E$10:$E$44) -> 0 | T54: =IFERROR(R54/SUMIF($B$10:$B$44,G54,$H$10:$H$44),"") | W54: =SUMIF($B$10:$B$44,G54,$AI$10:$AI$44)+SUMIF($B$10:$B$44,G54,$AO$10:$AO$44)+SUMIF($B$10:$B$44,G54,$AR$10:$AR$44) -> 0 | Y54: =IFERROR(W54/R54,"") | AB54: =SUMIF($B$10:$B$44,G54,$AL$10:$AL$44) -> 0 | AH54: =IFERROR(AB54/R54,"") | AL54: Ca 1 | AM54: thanh | AP54: lê văn lộc
G55: FFS | H55: =SUM('14'!K55:Q55) -> 245 | K55: =H55+R55 -> 271 | R55: =SUMIF($B$10:$B$44,G55,$E$10:$E$44) -> 26 | T55: =IFERROR(R55/SUMIF($B$10:$B$44,G55,$H$10:$H$44),"") -> 4.7272727 | W55: =SUMIF($B$10:$B$44,G55,$AI$10:$AI$44)+SUMIF($B$10:$B$44,G55,$AO$10:$AO$44)+SUMIF($B$10:$B$44,G55,$AR$10:$AR$44) -> 827 | Y55: =IFERROR(W55/R55,"") -> 31.807692 | AB55: =SUMIF($B$10:$B$44,G55,$AL$10:$AL$44) -> 2383 | AH55: =IFERROR(AB55/R55,"") -> 91.653846 | AL55: Ca 2 | AM55: quyết | AP55: Thẩm tra | AQ55: Ngày thẩm tra
G56: TỔNG | H56: =IFERROR(SUM(H54:J55),"") -> 873 | K56: =IFERROR(SUM(K54:Q55),"") -> 899 | R56: =IFERROR(SUM(R54:S55),"") -> 26 | T56: =IFERROR(AVERAGE(T54:U55),"") -> 4.7272727 | W56: =IFERROR(SUM(W54:X55),"") -> 827 | Y56: =IFERROR(AVERAGE(Y54:AA55),"") -> 31.807692 | AB56: =IFERROR(SUM(AB54:AG55),"") -> 2383 | AH56: =IFERROR(AVERAGE(AH54:AI55),"") -> 91.653846 | AL56: Ca 3 | AM56: tinh

Sheet 16
A1: CÔNG TY CỔ PHẦN CHĂN NUÔI C.P VIỆT NAM
A2: Chi Nhánh Tại Bình Dương
A3: Phòng Kho Nguyên Liệu
A4: BÁO CÁO VẬN HÀNH VÀ KIỂM SOÁT QUÁ TRÌNH HẤP NGUYÊN LIỆU
Z5: Ngày:.……16…../…06…../…2026….…….
A6: Ca | B6: Nguyên liệu | C6: Từ bồn | D6: Đến bồn | E6: Sản lượng (tấn) | F6: Thời gian chạy | I6: Thời gian ngưng | M6: Lý do ngưng | Q6: KẾT QUẢ KIỂM TRA CHẤT LƯỢNG | Z6: Ampe máy hấp | AA6: % Feeder | AB6: Nhiệt độ hơi (°C) | AC6: Nhiệt độ máy | AG6: Điện sử dụng máy hấp | AJ6: Hơi nóng sử dụng | AM6: Điện sử dụng LINE | AP6: Điện sử dụng máy nghiền
F7: Bắt đầu | G7: Kết thúc | H7: Tổng cộng | I7: Bắt đầu | J7: Kết thúc | K7: Tổng cộng | M7: 1 | O7: 2 | Q7: Mẫu trước hấp | S7: Mẫu sau hấp | AC7: Conditioner | AD7: Extruder | AE7: Môi trường | AG7: Số đầu | AH7: Số cuối | AI7: KWh | AJ7: Số đầu | AK7: Số cuối | AL7: Kg hơi | AM7: Số đầu | AN7: Số cuối | AO7: KWh | AP7: Số đầu | AQ7: Số cuối | AR7: KWh
K8: 1 | L8: 2 | M8: Mã số | N8: Số lần | O8: Mã số | P8: Số lần | S8: Thời gian lấy mẫu | T8: Đậu nành | V8: Bắp | W8: %M | X8: Nhiệt độ Cooler | Y8: Người kiểm tra
T9: Chỉ số PS | U9: Chỉ số Trypsin | V9: Chỉ số Hydro
A10: 1 | H10: =HOUR(G10-F10)+MINUTE(G10-F10)/60 -> 0 | I10: 0.25 | J10: 0.5 | K10: =HOUR(J10-I10)+MINUTE(J10-I10)/60 -> 6 | M10: 153 | N10: 1 | Q10: Đặc điểm về cảm quang: | AI10: =IFERROR((AH10-AG10),"") -> 0 | AL10: =IFERROR((AK10-AJ10),"") -> 0 | AO10: =IFERROR((AN10-AM10),"") -> 0 | AR10: =IFERROR((AQ10-AP10),"") -> 0
A11: 1 | B11: CORN | C11: 1 | D11: 30 | E11: 16 | F11: 0.5 | G11: 0.58333333 | H11: =HOUR(G11-F11)+MINUTE(G11-F11)/60 -> 2 | K11: =HOUR(J11-I11)+MINUTE(J11-I11)/60 -> 0 | Q11: 1.Trong chuẩn | R11: v | S11: 0.54166667 | V11: 40.3 | W11: 12.5 | X11: 33 | Y11: tính | Z11: 126 | AA11: 68 | AB11: 100 | AC11: 101 | AD11: 119 | AE11: 33 | AG11: 45437 | AH11: 45529 | AI11: =IFERROR((AH11-AG11),"") -> 92 | AJ11: 9247120 | AK11: 9247999 | AL11: =IFERROR((AK11-AJ11),"") -> 879 | AM11: 960545 | AN11: 960610 | AO11: =IFERROR((AN11-AM11),"") -> 65 | AP11: 371971 | AQ11: 372125 | AR11: =IFERROR((AQ11-AP11),"") -> 154
H12: =HOUR(G12-F12)+MINUTE(G12-F12)/60 -> 0 | K12: =HOUR(J12-I12)+MINUTE(J12-I12)/60 -> 0 | Q12: 2.Ngoài chuẩn | S12: 0.58333333 | V12: 41.1 | W12: 12.5 | X12: 34 | Y12: tính | Z12: 122 | AA12: 68 | AB12: 100 | AC12: 101 | AD12: 119 | AE12: 33 | AI12: =IFERROR((AH12-AG12),"") -> 0 | AL12: =IFERROR((AK12-AJ12),"") -> 0 | AO12: =IFERROR((AN12-AM12),"") -> 0 | AR12: =IFERROR((AQ12-AP12),"") -> 0
H13: =HOUR(G13-F13)+MINUTE(G13-F13)/60 -> 0 | K13: =HOUR(J13-I13)+MINUTE(J13-I13)/60 -> 0 | Q13: 3.Loại Lưới : | R13: 3,0mm | AI13: =IFERROR((AH13-AG13),"") -> 0 | AL13: =IFERROR((AK13-AJ13),"") -> 0 | AO13: =IFERROR((AN13-AM13),"") -> 0 | AR13: =IFERROR((AQ13-AP13),"") -> 0
A14: 2 | B14: CORN | C14: 1 | D14: 30 | E14: 22 | F14: 0.58333333 | G14: 0.6875 | H14: =HOUR(G14-F14)+MINUTE(G14-F14)/60 -> 2.5 | I14: 0.6875 | J14: 0.91666667 | K14: =HOUR(J14-I14)+MINUTE(J14-I14)/60 -> 5.5 | M14: 153 | N14: 1 | Q14: 1.Trong chuẩn | R14: v | S14: 0.625 | V14: 40.3 | W14: 12.5 | X14: 33 | Y14: quyết | Z14: 128 | AA14: 68 | AB14: 100 | AC14: 101 | AD14: 119 | AE14: 33 | AG14: 45528 | AH14: 45748 | AI14: =IFERROR((AH14-AG14),"") -> 220 | AJ14: 9247999 | AK14: 9249838 | AL14: =IFERROR((AK14-AJ14),"") -> 1839 | AM14: 960610 | AN14: 960678 | AO14: =IFERROR((AN14-AM14),"") -> 68 | AP14: 372125 | AQ14: 372327 | AR14: =IFERROR((AQ14-AP14),"") -> 202
H15: =HOUR(G15-F15)+MINUTE(G15-F15)/60 -> 0 | K15: =HOUR(J15-I15)+MINUTE(J15-I15)/60 -> 0 | Q15: 2.Ngoài chuẩn | S15: 0.66666667 | V15: 42.5 | W15: 12.5 | X15: 34 | Y15: quyết | Z15: 130 | AA15: 68 | AB15: 100 | AC15: 102 | AD15: 118 | AE15: 32 | AI15: =IFERROR((AH15-AG15),"") -> 0 | AL15: =IFERROR((AK15-AJ15),"") -> 0 | AO15: =IFERROR((AN15-AM15),"") -> 0 | AR15: =IFERROR((AQ15-AP15),"") -> 0
H16: =HOUR(G16-F16)+MINUTE(G16-F16)/60 -> 0 | K16: =HOUR(J16-I16)+MINUTE(J16-I16)/60 -> 0 | Q16: 3.Loại Lưới : | R16: 3,0mm | AI16: =IFERROR((AH16-AG16),"") -> 0 | AL16: =IFERROR((AK16-AJ16),"") -> 0 | AO16: =IFERROR((AN16-AM16),"") -> 0 | AR16: =IFERROR((AQ16-AP16),"") -> 0
A17: 3 | H17: =HOUR(G17-F17)+MINUTE(G17-F17)/60 -> 0 | I17: 0.91666667 | J17: 1.25 | K17: =HOUR(J17-I17)+MINUTE(J17-I17)/60 -> 8 | M17: 153 | N17: 1 | AI17: =IFERROR((AH17-AG17),"") -> 0 | AL17: =IFERROR((AK17-AJ17),"") -> 0 | AO17: =IFERROR((AN17-AM17),"") -> 0 | AR17: =IFERROR((AQ17-AP17),"") -> 0
H18: =HOUR(G18-F18)+MINUTE(G18-F18)/60 -> 0 | K18: =HOUR(J18-I18)+MINUTE(J18-I18)/60 -> 0 | AI18: =IFERROR((AH18-AG18),"") -> 0 | AL18: =IFERROR((AK18-AJ18),"") -> 0 | AO18: =IFERROR((AN18-AM18),"") -> 0 | AR18: =IFERROR((AQ18-AP18),"") -> 0
H19: =HOUR(G19-F19)+MINUTE(G19-F19)/60 -> 0 | K19: =HOUR(J19-I19)+MINUTE(J19-I19)/60 -> 0 | AI19: =IFERROR((AH19-AG19),"") -> 0 | AL19: =IFERROR((AK19-AJ19),"") -> 0 | AO19: =IFERROR((AN19-AM19),"") -> 0 | AR19: =IFERROR((AQ19-AP19),"") -> 0
H20: =HOUR(G20-F20)+MINUTE(G20-F20)/60 -> 0 | K20: =HOUR(J20-I20)+MINUTE(J20-I20)/60 -> 0 | AI20: =IFERROR((AH20-AG20),"") -> 0 | AL20: =IFERROR((AK20-AJ20),"") -> 0 | AO20: =IFERROR((AN20-AM20),"") -> 0 | AR20: =IFERROR((AQ20-AP20),"") -> 0
H21: =HOUR(G21-F21)+MINUTE(G21-F21)/60 -> 0 | K21: =HOUR(J21-I21)+MINUTE(J21-I21)/60 -> 0 | AI21: =IFERROR((AH21-AG21),"") -> 0 | AL21: =IFERROR((AK21-AJ21),"") -> 0 | AO21: =IFERROR((AN21-AM21),"") -> 0 | AR21: =IFERROR((AQ21-AP21),"") -> 0
H22: =HOUR(G22-F22)+MINUTE(G22-F22)/60 -> 0 | K22: =HOUR(J22-I22)+MINUTE(J22-I22)/60 -> 0 | AI22: =IFERROR((AH22-AG22),"") -> 0 | AL22: =IFERROR((AK22-AJ22),"") -> 0 | AO22: =IFERROR((AN22-AM22),"") -> 0 | AR22: =IFERROR((AQ22-AP22),"") -> 0
H23: =HOUR(G23-F23)+MINUTE(G23-F23)/60 -> 0 | K23: =HOUR(J23-I23)+MINUTE(J23-I23)/60 -> 0 | AI23: =IFERROR((AH23-AG23),"") -> 0 | AL23: =IFERROR((AK23-AJ23),"") -> 0 | AO23: =IFERROR((AN23-AM23),"") -> 0 | AR23: =IFERROR((AQ23-AP23),"") -> 0
H24: =HOUR(G24-F24)+MINUTE(G24-F24)/60 -> 0 | K24: =HOUR(J24-I24)+MINUTE(J24-I24)/60 -> 0 | AI24: =IFERROR((AH24-AG24),"") -> 0 | AL24: =IFERROR((AK24-AJ24),"") -> 0 | AO24: =IFERROR((AN24-AM24),"") -> 0 | AR24: =IFERROR((AQ24-AP24),"") -> 0
H25: =HOUR(G25-F25)+MINUTE(G25-F25)/60 -> 0 | K25: =HOUR(J25-I25)+MINUTE(J25-I25)/60 -> 0 | AI25: =IFERROR((AH25-AG25),"") -> 0 | AL25: =IFERROR((AK25-AJ25),"") -> 0 | AO25: =IFERROR((AN25-AM25),"") -> 0 | AR25: =IFERROR((AQ25-AP25),"") -> 0
H26: =HOUR(G26-F26)+MINUTE(G26-F26)/60 -> 0 | K26: =HOUR(J26-I26)+MINUTE(J26-I26)/60 -> 0 | AI26: =IFERROR((AH26-AG26),"") -> 0 | AL26: =IFERROR((AK26-AJ26),"") -> 0 | AO26: =IFERROR((AN26-AM26),"") -> 0 | AR26: =IFERROR((AQ26-AP26),"") -> 0
H27: =HOUR(G27-F27)+MINUTE(G27-F27)/60 -> 0 | K27: =HOUR(J27-I27)+MINUTE(J27-I27)/60 -> 0 | AI27: =IFERROR((AH27-AG27),"") -> 0 | AL27: =IFERROR((AK27-AJ27),"") -> 0 | AO27: =IFERROR((AN27-AM27),"") -> 0 | AR27: =IFERROR((AQ27-AP27),"") -> 0
H28: =HOUR(G28-F28)+MINUTE(G28-F28)/60 -> 0 | K28: =HOUR(J28-I28)+MINUTE(J28-I28)/60 -> 0 | AI28: =IFERROR((AH28-AG28),"") -> 0 | AL28: =IFERROR((AK28-AJ28),"") -> 0 | AO28: =IFERROR((AN28-AM28),"") -> 0 | AR28: =IFERROR((AQ28-AP28),"") -> 0
H29: =HOUR(G29-F29)+MINUTE(G29-F29)/60 -> 0 | K29: =HOUR(J29-I29)+MINUTE(J29-I29)/60 -> 0 | AI29: =IFERROR((AH29-AG29),"") -> 0 | AL29: =IFERROR((AK29-AJ29),"") -> 0 | AO29: =IFERROR((AN29-AM29),"") -> 0 | AR29: =IFERROR((AQ29-AP29),"") -> 0
... H44: =HOUR(G44-F44)+MINUTE(G44-F44)/60 -> 0 | K44: =HOUR(J44-I44)+MINUTE(J44-I44)/60 -> 0 | AI44: =IFERROR((AH44-AG44),"") -> 0 | AL44: =IFERROR((AK44-AJ44),"") -> 0 | AO44: =IFERROR((AN44-AM44),"") -> 0 | AR44: =IFERROR((AQ44-AP44),"") -> 0
A46: QT-NL-01/BM15…………
A47: Lần ban hành: …06…………
A48: Ngày hiệu lực: …01/10/2025… | I48: Người Báo Cáo :……………………………… | S48: Người Thẩm Tra :…………………………………….
B51: Tổng cộng (tấn) | E51: =SUM(E10:E44) -> 38 | F51: Tổng cộng (giờ) | H51: =SUM(H10:H44) -> 4.5 | I51: Tổng cộng (giờ) | K51: =SUM(K10:L44) -> 19.5 | Q51: (Ghi chú: Chất lượng cảm quan chọn: Đ/KĐ) | Y51: Sản phẩm chạy lại (tấn) | AC51: 2 | AG51: Tổng cộng (KW) | AI51: =SUM(AI10:AI44) -> 312 | AJ51: Tổng cộng (Kg) | AL51: =SUM(AL10:AL44) -> 2718 | AM51: Tổng cộng (KW) | AO51: =SUM(AO10:AO44) -> 133 | AP51: Tổng cộng (KW) | AR51: =SUM(AR10:AR44) -> 356
H53: Tồn trước | K53: Tồn sau | R53: Tấn/ngày | T53: Tấn/giờ | W53: KWh ngày | Y53: KWh/tấn | AB53: Kg hơi/ngày | AH53: Kg hơi/tấn | AL53: Nhân viên vận hành | AP53: Người thẩm tra
A54: QT-NL-01/BM15 Lần ban hành: 02 Ngày ban hành: 15/07/2019 | G54: CORN | H54: =SUM('15'!K54:Q54) -> 628 | K54: =H54+R54 -> 666 | R54: =SUMIF($B$10:$B$44,G54,$E$10:$E$44) -> 38 | T54: =IFERROR(R54/SUMIF($B$10:$B$44,G54,$H$10:$H$44),"") -> 8.4444444 | W54: =SUMIF($B$10:$B$44,G54,$AI$10:$AI$44)+SUMIF($B$10:$B$44,G54,$AO$10:$AO$44)+SUMIF($B$10:$B$44,G54,$AR$10:$AR$44) -> 801 | Y54: =IFERROR(W54/R54,"") -> 21.078947 | AB54: =SUMIF($B$10:$B$44,G54,$AL$10:$AL$44) -> 2718 | AH54: =IFERROR(AB54/R54,"") -> 71.526316 | AL54: Ca 1 | AM54: quyết | AP54: lê văn lộc
G55: FFS | H55: =SUM('15'!K55:Q55) -> 271 | K55: =H55+R55 -> 271 | R55: =SUMIF($B$10:$B$44,G55,$E$10:$E$44) -> 0 | T55: =IFERROR(R55/SUMIF($B$10:$B$44,G55,$H$10:$H$44),"") | W55: =SUMIF($B$10:$B$44,G55,$AI$10:$AI$44)+SUMIF($B$10:$B$44,G55,$AO$10:$AO$44)+SUMIF($B$10:$B$44,G55,$AR$10:$AR$44) -> 0 | Y55: =IFERROR(W55/R55,"") | AB55: =SUMIF($B$10:$B$44,G55,$AL$10:$AL$44) -> 0 | AH55: =IFERROR(AB55/R55,"") | AL55: Ca 2 | AP55: Thẩm tra | AQ55: Ngày thẩm tra
G56: TỔNG | H56: =IFERROR(SUM(H54:J55),"") -> 899 | K56: =IFERROR(SUM(K54:Q55),"") -> 937 | R56: =IFERROR(SUM(R54:S55),"") -> 38 | T56: =IFERROR(AVERAGE(T54:U55),"") -> 8.4444444 | W56: =IFERROR(SUM(W54:X55),"") -> 801 | Y56: =IFERROR(AVERAGE(Y54:AA55),"") -> 21.078947 | AB56: =IFERROR(SUM(AB54:AG55),"") -> 2718 | AH56: =IFERROR(AVERAGE(AH54:AI55),"") -> 71.526316 | AL56: Ca 3 | AM56: tính

Sheet 17
A1: CÔNG TY CỔ PHẦN CHĂN NUÔI C.P VIỆT NAM
A2: Chi Nhánh Tại Bình Dương
A3: Phòng Kho Nguyên Liệu
A4: BÁO CÁO VẬN HÀNH VÀ KIỂM SOÁT QUÁ TRÌNH HẤP NGUYÊN LIỆU
Z5: Ngày:.…17...…../…..06…../…….…2026.
A6: Ca | B6: Nguyên liệu | C6: Từ bồn | D6: Đến bồn | E6: Sản lượng (tấn) | F6: Thời gian chạy | I6: Thời gian ngưng | M6: Lý do ngưng | Q6: KẾT QUẢ KIỂM TRA CHẤT LƯỢNG | Z6: Ampe máy hấp | AA6: % Feeder | AB6: Nhiệt độ hơi (°C) | AC6: Nhiệt độ máy | AG6: Điện sử dụng máy hấp | AJ6: Hơi nóng sử dụng | AM6: Điện sử dụng LINE | AP6: Điện sử dụng máy nghiền
F7: Bắt đầu | G7: Kết thúc | H7: Tổng cộng | I7: Bắt đầu | J7: Kết thúc | K7: Tổng cộng | M7: 1 | O7: 2 | Q7: Mẫu trước hấp | S7: Mẫu sau hấp | AC7: Conditioner | AD7: Extruder | AE7: Môi trường | AG7: Số đầu | AH7: Số cuối | AI7: KWh | AJ7: Số đầu | AK7: Số cuối | AL7: Kg hơi | AM7: Số đầu | AN7: Số cuối | AO7: KWh | AP7: Số đầu | AQ7: Số cuối | AR7: KWh
K8: 1 | L8: 2 | M8: Mã số | N8: Số lần | O8: Mã số | P8: Số lần | S8: Thời gian lấy mẫu | T8: Đậu nành | V8: Bắp | W8: %M | X8: Nhiệt độ Cooler | Y8: Người kiểm tra
T9: Chỉ số PS | U9: Chỉ số Trypsin | V9: Chỉ số Hydro
A10: 1 | H10: =HOUR(G10-F10)+MINUTE(G10-F10)/60 -> 0 | I10: 0.25 | J10: 0.47916667 | K10: =HOUR(J10-I10)+MINUTE(J10-I10)/60 -> 5.5 | M10: 153 | N10: 1 | Q10: Đặc điểm về cảm quang: | AI10: =IFERROR((AH10-AG10),"") -> 0 | AL10: =IFERROR((AK10-AJ10),"") -> 0 | AO10: =IFERROR((AN10-AM10),"") -> 0 | AR10: =IFERROR((AQ10-AP10),"") -> 0
A11: 1 | B11: FFS | C11: 4 | D11: 39 | E11: 13 | F11: 0.47916667 | G11: 0.58333333 | H11: =HOUR(G11-F11)+MINUTE(G11-F11)/60 -> 2.5 | K11: =HOUR(J11-I11)+MINUTE(J11-I11)/60 -> 0 | Q11: 1.Trong chuẩn | R11: v | S11: 0.5 | T11: 78.9 | U11: 8.9 | W11: 10.8 | X11: 34 | Y11: tính | Z11: 118 | AA11: 60 | AB11: 100 | AC11: 101 | AD11: 133 | AE11: 33 | AG11: 638599 | AH11: 638750 | AI11: =IFERROR((AH11-AG11),"") -> 151 | AJ11: 45055 | AK11: 46111 | AL11: =IFERROR((AK11-AJ11),"") -> 1056 | AM11: 960678 | AN11: 960752 | AO11: =IFERROR((AN11-AM11),"") -> 74 | AP11: 372327 | AQ11: 372508 | AR11: =IFERROR((AQ11-AP11),"") -> 181
H12: =HOUR(G12-F12)+MINUTE(G12-F12)/60 -> 0 | K12: =HOUR(J12-I12)+MINUTE(J12-I12)/60 -> 0 | Q12: 2.Ngoài chuẩn | S12: 0.54166667 | T12: 80.3 | U12: 9.4 | W12: 10.8 | X12: 34 | Y12: tính | Z12: 116 | AA12: 60 | AB12: 100 | AC12: 101 | AD12: 133 | AE12: 33 | AI12: =IFERROR((AH12-AG12),"") -> 0 | AL12: =IFERROR((AK12-AJ12),"") -> 0 | AO12: =IFERROR((AN12-AM12),"") -> 0 | AR12: =IFERROR((AQ12-AP12),"") -> 0
H13: =HOUR(G13-F13)+MINUTE(G13-F13)/60 -> 0 | K13: =HOUR(J13-I13)+MINUTE(J13-I13)/60 -> 0 | Q13: 3.Loại Lưới : | R13: 2,5mm | S13: 0.58333333 | T13: 79.7 | U13: 8.1 | W13: 10.8 | X13: 35 | Y13: tính | Z13: 114 | AA13: 60 | AB13: 100 | AC13: 102 | AD13: 134 | AE13: 34 | AI13: =IFERROR((AH13-AG13),"") -> 0 | AL13: =IFERROR((AK13-AJ13),"") -> 0 | AO13: =IFERROR((AN13-AM13),"") -> 0 | AR13: =IFERROR((AQ13-AP13),"") -> 0
A14: 2 | B14: FFS | C14: 4 | D14: 39 | E14: 13 | F14: 0.58333333 | G14: 0.6875 | H14: =HOUR(G14-F14)+MINUTE(G14-F14)/60 -> 2.5 | I14: 0.6875 | J14: 0.91666667 | K14: =HOUR(J14-I14)+MINUTE(J14-I14)/60 -> 5.5 | M14: 153 | N14: 1 | Q14: 1.Trong chuẩn | R14: v | S14: 0.625 | T14: 79.4 | U14: 9.78 | W14: 10.8 | X14: 34 | Y14: quyết | Z14: 116 | AA14: 63 | AB14: 100 | AC14: 102 | AD14: 133 | AE14: 33 | AG14: 638750 | AH14: 638908 | AI14: =IFERROR((AH14-AG14),"") -> 158 | AJ14: 46111 | AK14: 47140 | AL14: =IFERROR((AK14-AJ14),"") -> 1029 | AM14: 960752 | AN14: 960807 | AO14: =IFERROR((AN14-AM14),"") -> 55 | AP14: 372508 | AQ14: 372709 | AR14: =IFERROR((AQ14-AP14),"") -> 201
H15: =HOUR(G15-F15)+MINUTE(G15-F15)/60 -> 0 | K15: =HOUR(J15-I15)+MINUTE(J15-I15)/60 -> 0 | Q15: 2.Ngoài chuẩn | S15: 0.66666667 | T15: 79.45 | U15: 8.8 | W15: 10.8 | X15: 35 | Y15: quyết | Z15: 114 | AA15: 63 | AB15: 100 | AC15: 101 | AD15: 134 | AE15: 33 | AI15: =IFERROR((AH15-AG15),"") -> 0 | AL15: =IFERROR((AK15-AJ15),"") -> 0 | AO15: =IFERROR((AN15-AM15),"") -> 0 | AR15: =IFERROR((AQ15-AP15),"") -> 0
H16: =HOUR(G16-F16)+MINUTE(G16-F16)/60 -> 0 | K16: =HOUR(J16-I16)+MINUTE(J16-I16)/60 -> 0 | Q16: 3.Loại Lưới : | R16: 2,5mm | AI16: =IFERROR((AH16-AG16),"") -> 0 | AL16: =IFERROR((AK16-AJ16),"") -> 0 | AO16: =IFERROR((AN16-AM16),"") -> 0 | AR16: =IFERROR((AQ16-AP16),"") -> 0
A17: 3 | B17: CORN | C17: 1 | D17: 30 | E17: 66 | F17: 0.91666667 | G17: 1.25 | H17: =HOUR(G17-F17)+MINUTE(G17-F17)/60 -> 8 | K17: =HOUR(J17-I17)+MINUTE(J17-I17)/60 -> 0 | Q17: 1.Trong chuẩn | R17: v | S17: 0.95833333 | V17: 40.6 | W17: 12.5 | X17: 33 | Y17: thanh | Z17: 136 | AA17: 68 | AB17: 100 | AC17: 101 | AD17: 119 | AE17: 33 | AG17: 45748 | AH17: 46417 | AI17: =IFERROR((AH17-AG17),"") -> 669 | AJ17: 9251856 | AK17: 9252424 | AL17: =IFERROR((AK17-AJ17),"") -> 568 | AM17: 960807 | AN17: 961026 | AO17: =IFERROR((AN17-AM17),"") -> 219 | AP17: 372709 | AQ17: 373238 | AR17: =IFERROR((AQ17-AP17),"") -> 529
H18: =HOUR(G18-F18)+MINUTE(G18-F18)/60 -> 0 | K18: =HOUR(J18-I18)+MINUTE(J18-I18)/60 -> 0 | Q18: 2.Ngoài chuẩn | S18: 0 | V18: 40.7 | W18: 12.5 | X18: 34 | Y18: thanh | Z18: 128 | AA18: 68 | AB18: 100 | AC18: 102 | AD18: 118 | AE18: 33 | AI18: =IFERROR((AH18-AG18),"") -> 0 | AL18: =IFERROR((AK18-AJ18),"") -> 0 | AO18: =IFERROR((AN18-AM18),"") -> 0 | AR18: =IFERROR((AQ18-AP18),"") -> 0
H19: =HOUR(G19-F19)+MINUTE(G19-F19)/60 -> 0 | K19: =HOUR(J19-I19)+MINUTE(J19-I19)/60 -> 0 | Q19: 3.Loại Lưới : | R19: 3,0mm | S19: 0.041666667 | V19: 41.5 | W19: 12.5 | X19: 34 | Y19: thanh | Z19: 130 | AA19: 68 | AB19: 100 | AC19: 102 | AD19: 120 | AE19: 32 | AI19: =IFERROR((AH19-AG19),"") -> 0 | AL19: =IFERROR((AK19-AJ19),"") -> 0 | AO19: =IFERROR((AN19-AM19),"") -> 0 | AR19: =IFERROR((AQ19-AP19),"") -> 0
H20: =HOUR(G20-F20)+MINUTE(G20-F20)/60 -> 0 | K20: =HOUR(J20-I20)+MINUTE(J20-I20)/60 -> 0 | S20: 0.083333333 | V20: 42.1 | W20: 12.5 | X20: 35 | Y20: thanh | Z20: 129 | AA20: 68 | AB20: 100 | AC20: 101 | AD20: 120 | AE20: 32 | AI20: =IFERROR((AH20-AG20),"") -> 0 | AL20: =IFERROR((AK20-AJ20),"") -> 0 | AO20: =IFERROR((AN20-AM20),"") -> 0 | AR20: =IFERROR((AQ20-AP20),"") -> 0
H21: =HOUR(G21-F21)+MINUTE(G21-F21)/60 -> 0 | K21: =HOUR(J21-I21)+MINUTE(J21-I21)/60 -> 0 | S21: 0.125 | V21: 40.6 | W21: 12.5 | X21: 35 | Y21: thanh | Z21: 121 | AA21: 68 | AB21: 100 | AC21: 102 | AD21: 118 | AE21: 31 | AI21: =IFERROR((AH21-AG21),"") -> 0 | AL21: =IFERROR((AK21-AJ21),"") -> 0 | AO21: =IFERROR((AN21-AM21),"") -> 0 | AR21: =IFERROR((AQ21-AP21),"") -> 0
H22: =HOUR(G22-F22)+MINUTE(G22-F22)/60 -> 0 | K22: =HOUR(J22-I22)+MINUTE(J22-I22)/60 -> 0 | S22: 0.16666667 | V22: 40.3 | W22: 12.5 | X22: 34 | Y22: thanh | Z22: 130 | AA22: 68 | AB22: 100 | AC22: 103 | AD22: 119 | AE22: 32 | AI22: =IFERROR((AH22-AG22),"") -> 0 | AL22: =IFERROR((AK22-AJ22),"") -> 0 | AO22: =IFERROR((AN22-AM22),"") -> 0 | AR22: =IFERROR((AQ22-AP22),"") -> 0
H23: =HOUR(G23-F23)+MINUTE(G23-F23)/60 -> 0 | K23: =HOUR(J23-I23)+MINUTE(J23-I23)/60 -> 0 | S23: 0.20833333 | V23: 42.7 | W23: 12.5 | X23: 35 | Y23: thanh | Z23: 134 | AA23: 68 | AB23: 100 | AC23: 101 | AD23: 120 | AE23: 31 | AI23: =IFERROR((AH23-AG23),"") -> 0 | AL23: =IFERROR((AK23-AJ23),"") -> 0 | AO23: =IFERROR((AN23-AM23),"") -> 0 | AR23: =IFERROR((AQ23-AP23),"") -> 0
H24: =HOUR(G24-F24)+MINUTE(G24-F24)/60 -> 0 | K24: =HOUR(J24-I24)+MINUTE(J24-I24)/60 -> 0 | S24: 0.25 | V24: 41.6 | W24: 12.5 | X24: 35 | Y24: thanh | Z24: 129 | AA24: 68 | AB24: 100 | AC24: 102 | AD24: 119 | AE24: 31 | AI24: =IFERROR((AH24-AG24),"") -> 0 | AL24: =IFERROR((AK24-AJ24),"") -> 0 | AO24: =IFERROR((AN24-AM24),"") -> 0 | AR24: =IFERROR((AQ24-AP24),"") -> 0
H25: =HOUR(G25-F25)+MINUTE(G25-F25)/60 -> 0 | K25: =HOUR(J25-I25)+MINUTE(J25-I25)/60 -> 0 | AI25: =IFERROR((AH25-AG25),"") -> 0 | AL25: =IFERROR((AK25-AJ25),"") -> 0 | AO25: =IFERROR((AN25-AM25),"") -> 0 | AR25: =IFERROR((AQ25-AP25),"") -> 0
H26: =HOUR(G26-F26)+MINUTE(G26-F26)/60 -> 0 | K26: =HOUR(J26-I26)+MINUTE(J26-I26)/60 -> 0 | AI26: =IFERROR((AH26-AG26),"") -> 0 | AL26: =IFERROR((AK26-AJ26),"") -> 0 | AO26: =IFERROR((AN26-AM26),"") -> 0 | AR26: =IFERROR((AQ26-AP26),"") -> 0
H27: =HOUR(G27-F27)+MINUTE(G27-F27)/60 -> 0 | K27: =HOUR(J27-I27)+MINUTE(J27-I27)/60 -> 0 | AI27: =IFERROR((AH27-AG27),"") -> 0 | AL27: =IFERROR((AK27-AJ27),"") -> 0 | AO27: =IFERROR((AN27-AM27),"") -> 0 | AR27: =IFERROR((AQ27-AP27),"") -> 0
H28: =HOUR(G28-F28)+MINUTE(G28-F28)/60 -> 0 | K28: =HOUR(J28-I28)+MINUTE(J28-I28)/60 -> 0 | AI28: =IFERROR((AH28-AG28),"") -> 0 | AL28: =IFERROR((AK28-AJ28),"") -> 0 | AO28: =IFERROR((AN28-AM28),"") -> 0 | AR28: =IFERROR((AQ28-AP28),"") -> 0
H29: =HOUR(G29-F29)+MINUTE(G29-F29)/60 -> 0 | K29: =HOUR(J29-I29)+MINUTE(J29-I29)/60 -> 0 | AI29: =IFERROR((AH29-AG29),"") -> 0 | AL29: =IFERROR((AK29-AJ29),"") -> 0 | AO29: =IFERROR((AN29-AM29),"") -> 0 | AR29: =IFERROR((AQ29-AP29),"") -> 0
H30: =HOUR(G30-F30)+MINUTE(G30-F30)/60 -> 0 | K30: =HOUR(J30-I30)+MINUTE(J30-I30)/60 -> 0 | AI30: =IFERROR((AH30-AG30),"") -> 0 | AL30: =IFERROR((AK30-AJ30),"") -> 0 | AO30: =IFERROR((AN30-AM30),"") -> 0 | AR30: =IFERROR((AQ30-AP30),"") -> 0
H31: =HOUR(G31-F31)+MINUTE(G31-F31)/60 -> 0 | K31: =HOUR(J31-I31)+MINUTE(J31-I31)/60 -> 0 | AI31: =IFERROR((AH31-AG31),"") -> 0 | AL31: =IFERROR((AK31-AJ31),"") -> 0 | AO31: =IFERROR((AN31-AM31),"") -> 0 | AR31: =IFERROR((AQ31-AP31),"") -> 0
H32: =HOUR(G32-F32)+MINUTE(G32-F32)/60 -> 0 | K32: =HOUR(J32-I32)+MINUTE(J32-I32)/60 -> 0 | AI32: =IFERROR((AH32-AG32),"") -> 0 | AL32: =IFERROR((AK32-AJ32),"") -> 0 | AO32: =IFERROR((AN32-AM32),"") -> 0 | AR32: =IFERROR((AQ32-AP32),"") -> 0
H33: =HOUR(G33-F33)+MINUTE(G33-F33)/60 -> 0 | K33: =HOUR(J33-I33)+MINUTE(J33-I33)/60 -> 0 | AI33: =IFERROR((AH33-AG33),"") -> 0 | AL33: =IFERROR((AK33-AJ33),"") -> 0 | AO33: =IFERROR((AN33-AM33),"") -> 0 | AR33: =IFERROR((AQ33-AP33),"") -> 0
H34: =HOUR(G34-F34)+MINUTE(G34-F34)/60 -> 0 | K34: =HOUR(J34-I34)+MINUTE(J34-I34)/60 -> 0 | AI34: =IFERROR((AH34-AG34),"") -> 0 | AL34: =IFERROR((AK34-AJ34),"") -> 0 | AO34: =IFERROR((AN34-AM34),"") -> 0 | AR34: =IFERROR((AQ34-AP34),"") -> 0
H35: =HOUR(G35-F35)+MINUTE(G35-F35)/60 -> 0 | K35: =HOUR(J35-I35)+MINUTE(J35-I35)/60 -> 0 | AI35: =IFERROR((AH35-AG35),"") -> 0 | AL35: =IFERROR((AK35-AJ35),"") -> 0 | AO35: =IFERROR((AN35-AM35),"") -> 0 | AR35: =IFERROR((AQ35-AP35),"") -> 0
H36: =HOUR(G36-F36)+MINUTE(G36-F36)/60 -> 0 | K36: =HOUR(J36-I36)+MINUTE(J36-I36)/60 -> 0 | AI36: =IFERROR((AH36-AG36),"") -> 0 | AL36: =IFERROR((AK36-AJ36),"") -> 0 | AO36: =IFERROR((AN36-AM36),"") -> 0 | AR36: =IFERROR((AQ36-AP36),"") -> 0
... H44: =HOUR(G44-F44)+MINUTE(G44-F44)/60 -> 0 | K44: =HOUR(J44-I44)+MINUTE(J44-I44)/60 -> 0 | AI44: =IFERROR((AH44-AG44),"") -> 0 | AL44: =IFERROR((AK44-AJ44),"") -> 0 | AO44: =IFERROR((AN44-AM44),"") -> 0 | AR44: =IFERROR((AQ44-AP44),"") -> 0
A46: QT-NL-01/BM15…………
A47: Lần ban hành: …06…………
A48: Ngày hiệu lực: …01/10/2025… | I48: Người Báo Cáo :……………………………… | S48: Người Thẩm Tra :…………………………………….
B51: Tổng cộng (tấn) | E51: =SUM(E10:E44) -> 92 | F51: Tổng cộng (giờ) | H51: =SUM(H10:H44) -> 13 | I51: Tổng cộng (giờ) | K51: =SUM(K10:L44) -> 11 | Q51: (Ghi chú: Chất lượng cảm quan chọn: Đ/KĐ) | Y51: Sản phẩm chạy lại (tấn) | AG51: Tổng cộng (KW) | AI51: =SUM(AI10:AI44) -> 978 | AJ51: Tổng cộng (Kg) | AL51: =SUM(AL10:AL44) -> 2653 | AM51: Tổng cộng (KW) | AO51: =SUM(AO10:AO44) -> 348 | AP51: Tổng cộng (KW) | AR51: =SUM(AR10:AR44) -> 911
H53: Tồn trước | K53: Tồn sau | R53: Tấn/ngày | T53: Tấn/giờ | W53: KWh ngày | Y53: KWh/tấn | AB53: Kg hơi/ngày | AH53: Kg hơi/tấn | AL53: Nhân viên vận hành | AP53: Người thẩm tra
A54: QT-NL-01/BM15 Lần ban hành: 02 Ngày ban hành: 15/07/2019 | G54: CORN | H54: =SUM('16'!K54:Q54) -> 666 | K54: =H54+R54 -> 732 | R54: =SUMIF($B$10:$B$44,G54,$E$10:$E$44) -> 66 | T54: =IFERROR(R54/SUMIF($B$10:$B$44,G54,$H$10:$H$44),"") -> 8.25 | W54: =SUMIF($B$10:$B$44,G54,$AI$10:$AI$44)+SUMIF($B$10:$B$44,G54,$AO$10:$AO$44)+SUMIF($B$10:$B$44,G54,$AR$10:$AR$44) -> 1417 | Y54: =IFERROR(W54/R54,"") -> 21.469697 | AB54: =SUMIF($B$10:$B$44,G54,$AL$10:$AL$44) -> 568 | AH54: =IFERROR(AB54/R54,"") -> 8.6060606 | AL54: Ca 1 | AP54: lê văn lộc
G55: FFS | H55: =SUM('16'!K55:Q55) -> 271 | K55: =H55+R55 -> 297 | R55: =SUMIF($B$10:$B$44,G55,$E$10:$E$44) -> 26 | T55: =IFERROR(R55/SUMIF($B$10:$B$44,G55,$H$10:$H$44),"") -> 5.2 | W55: =SUMIF($B$10:$B$44,G55,$AI$10:$AI$44)+SUMIF($B$10:$B$44,G55,$AO$10:$AO$44)+SUMIF($B$10:$B$44,G55,$AR$10:$AR$44) -> 820 | Y55: =IFERROR(W55/R55,"") -> 31.538462 | AB55: =SUMIF($B$10:$B$44,G55,$AL$10:$AL$44) -> 2085 | AH55: =IFERROR(AB55/R55,"") -> 80.192308 | AL55: Ca 2 | AM55: thanh | AP55: Thẩm tra | AQ55: Ngày thẩm tra
G56: TỔNG | H56: =IFERROR(SUM(H54:J55),"") -> 937 | K56: =IFERROR(SUM(K54:Q55),"") -> 1029 | R56: =IFERROR(SUM(R54:S55),"") -> 92 | T56: =IFERROR(AVERAGE(T54:U55),"") -> 6.725 | W56: =IFERROR(SUM(W54:X55),"") -> 2237 | Y56: =IFERROR(AVERAGE(Y54:AA55),"") -> 26.504079 | AB56: =IFERROR(SUM(AB54:AG55),"") -> 2653 | AH56: =IFERROR(AVERAGE(AH54:AI55),"") -> 44.399184 | AL56: Ca 3 | AM56: thanh

Sheet 18
A1: CÔNG TY CỔ PHẦN CHĂN NUÔI C.P VIỆT NAM
A2: Chi Nhánh Tại Bình Dương
A3: Phòng Kho Nguyên Liệu
A4: BÁO CÁO VẬN HÀNH VÀ KIỂM SOÁT QUÁ TRÌNH HẤP NGUYÊN LIỆU
Z5: Ngày:.…..18.…../…06...../…….2026…….
A6: Ca | B6: Nguyên liệu | C6: Từ bồn | D6: Đến bồn | E6: Sản lượng (tấn) | F6: Thời gian chạy | I6: Thời gian ngưng | M6: Lý do ngưng | Q6: KẾT QUẢ KIỂM TRA CHẤT LƯỢNG | Z6: Ampe máy hấp | AA6: % Feeder | AB6: Nhiệt độ hơi (°C) | AC6: Nhiệt độ máy | AG6: Điện sử dụng máy hấp | AJ6: Hơi nóng sử dụng | AM6: Điện sử dụng LINE | AP6: Điện sử dụng máy nghiền
F7: Bắt đầu | G7: Kết thúc | H7: Tổng cộng | I7: Bắt đầu | J7: Kết thúc | K7: Tổng cộng | M7: 1 | O7: 2 | Q7: Mẫu trước hấp | S7: Mẫu sau hấp | AC7: Conditioner | AD7: Extruder | AE7: Môi trường | AG7: Số đầu | AH7: Số cuối | AI7: KWh | AJ7: Số đầu | AK7: Số cuối | AL7: Kg hơi | AM7: Số đầu | AN7: Số cuối | AO7: KWh | AP7: Số đầu | AQ7: Số cuối | AR7: KWh
K8: 1 | L8: 2 | M8: Mã số | N8: Số lần | O8: Mã số | P8: Số lần | S8: Thời gian lấy mẫu | T8: Đậu nành | V8: Bắp | W8: %M | X8: Nhiệt độ Cooler | Y8: Người kiểm tra
T9: Chỉ số PS | U9: Chỉ số Trypsin | V9: Chỉ số Hydro
